time_s,x_m,y_m,yaw_rad,speed_mps,steer_rad,accel_mps2,progress_m,lateral_error_m,heading_error_rad,compute_ms
0.0,32.011974665261405,0.00640406090179661,0.9148851593420924,0.15000000000000002,0.2156794079313453,16.799999999999997,0.0,0.0008166912728965039,0.0006085753505882252,1.5110970016394276
0.05,32.01980887208471,0.019195667659731807,0.91607173098026,0.30000000000000004,0.21042127262330468,16.59,0.0,0.002418582895890247,0.0017951469887558247,0.49674300316837616
0.1,32.0316388808554,0.03833465646493045,0.9177624099067714,0.45000000000000007,0.2001646636939508,16.38,0.0,0.004729526921615676,0.003485825915267249,0.4183270029898267
0.15000000000000002,32.04756074197748,0.0637609094017916,0.9198479181232164,0.6000000000000001,0.18553703501360744,16.17,0.0,0.007636745986740008,0.005571334131712291,0.4113549985049758
0.2,32.067690243385826,0.09540033374945295,0.922195831039418,0.7500000000000001,0.16746643376633122,15.959999999999999,0.0,0.011003298495564964,0.007919247047913913,0.4435439986991696
0.25,32.09215003725572,0.13317226094204238,0.9246649541792822,0.9000000000000001,0.14707761194891736,15.749999999999998,0.2356322742179599,0.016173763814845185,-0.008561182176547888,0.39522400038549677
0.30000000000000004,32.11751370894262,0.17913892449900937,0.930221399758488,1.0500000000000003,0.2783419765990567,15.54,0.2356322742179599,0.023154340666001815,-0.003004736597342017,0.38543599657714367
0.35000000000000003,32.14752115663515,0.2310961480870707,0.9354377250397174,1.2000000000000002,0.23056047088903953,15.329999999999998,0.2356322742179599,0.029969286385649455,0.0022115886838873777,0.410241998906713
0.4,32.182327361191206,0.28893020487372695,0.9401312099550827,1.35,0.18557920612730494,15.12,0.2356322742179599,0.036426371665156755,0.006905073599252631,0.3837329968519043
0.45,32.22202685083721,0.35256156916718423,0.9441860843465273,1.5,0.1449516800810361,14.91,0.4699589584330298,0.04352746704304668,-0.008158357098264624,0.4028590010420885
0.5,32.261026553532155,0.42526145355296524,0.9524387266600716,1.65,0.263792432685742,14.7,0.4699589584330298,0.0539009448871648,9.428521527965472e-05,0.3930200000468176
0.55,32.30582709692321,0.5033185564447973,0.9589470162851264,1.7999999999999998,0.19282284503220762,14.489999999999998,0.4699589584330298,0.06265400982347424,0.006602574840334441,0.387399999453919
0.6000000000000001,32.35622591855952,0.5867823736212956,0.9639100307163098,1.9499999999999997,0.1365816476850316,14.279999999999998,0.7030067372177065,0.07040765134428532,-0.007706462607903308,0.3792550014622975
0.65,32.40475728438071,0.6798936325083392,0.9737944577093565,2.0999999999999996,0.24890042222632383,14.07,0.7030067372177065,0.0828420509035979,0.002177964385143394,0.38332199983415194
0.7000000000000001,32.46011860541535,0.7778291936355347,0.9806851593245174,2.2499999999999996,0.16389344783908508,13.86,0.9348058896097848,0.09305645869641328,-0.01034132719467351,0.37711000186391175
0.75,32.51313349607265,0.8854833685132182,0.9925339190035256,2.3999999999999995,0.26053743574669935,13.649999999999999,0.9348058896097848,0.10768113460059026,0.0015074324843347142,0.3775020013563335
0.8,32.57407819142264,0.9974744132833085,1.0000950649401226,2.5499999999999994,0.1587706895974791,13.440000000000001,1.1653900693692945,0.11840669919965517,-0.010462797846500838,0.37974600127199665
0.8500000000000001,32.63199609673509,1.119419139467833,1.0128934647658792,2.6999999999999993,0.2505876657638107,13.23,1.3947960747822974,0.13632679760500085,-0.017299903524197635,0.3669420002552215
0.9,32.68823211076145,1.250353324180715,1.0290872863429898,2.849999999999999,0.2977112884907648,13.02,1.3947960747822974,0.1554958011904214,-0.0011060819470869454,0.34914900243165903
0.9500000000000001,32.75505212980006,1.3846480934596386,1.0379966924819515,2.999999999999999,0.1590153335678761,12.81,1.6230636093926343,0.16822234994147486,-0.011918428466643594,0.3305339996586554
1.0,32.81796799926082,1.5290359162495006,1.0522851416915433,3.149999999999999,0.2402152389986194,12.6,1.6230636093926343,0.18550415159396386,0.002370020742948231,0.32894099786062725
1.05,32.89114185625071,1.6769229902391607,1.0595090283762518,3.299999999999999,0.11766303207906356,12.39,1.8502350351575794,0.19460303002564078,-0.010195659157053782,0.31672900149715133
1.1,32.958766760594536,1.8356149002802475,1.0734213471068434,3.449999999999999,0.2144108357554293,12.180000000000001,2.0763551196243664,0.21149605031456672,-0.016121822771583805,0.3176000027451664
1.1500000000000001,33.023561116841776,2.003548492507966,1.0907364700412279,3.5999999999999988,0.25411218167916705,11.97,2.3014707788097257,0.23259890727183677,-0.01867482933733866,0.30103900280664675
1.2000000000000002,33.08704361375978,2.1799747450472515,1.109553065829937,3.7499999999999987,0.26460543845728995,11.760000000000002,2.5256308175300504,0.2557580348488865,-0.019736472923361337,0.29691199961234815
1.25,33.149857660531296,2.36458080000804,1.1289182176817691,3.8999999999999986,0.26197075510751366,11.550000000000002,2.7488856689741104,0.27979083241955705,-0.020239972212320545,0.30126999990898184
1.3,33.2121470376072,2.557262619346283,1.148407759802236,4.049999999999999,0.2542374449074711,11.340000000000002,2.7488856689741104,0.30181290174647374,-0.0007504300918537155,0.2914910000981763
1.35,33.289727630418184,2.7524068009636107,1.1552553018449583,4.199999999999999,0.08781341240876034,11.13,2.9712871353305768,0.3089690031020718,-0.013742204616762344,0.2917419988079928
1.4000000000000001,33.358310117192524,2.958810997887626,1.1705656640896684,4.35,0.18781953612048896,10.92,3.1928881312781447,0.32462163505640723,-0.018222145698627568,0.310266997985309
1.4500000000000002,33.42291560621145,3.174336241858316,1.1888038767217761,4.5,0.21546129177978784,10.709999999999999,3.6339044282530955,0.34495008694349544,-0.039339829981802854,0.28803500026697293
1.5,33.46659375997906,3.402696634403636,1.22246287070522,4.65,0.37261848890030447,10.5,3.8534288877028406,0.3822533297569579,-0.02520846922446207,0.2822640017257072
1.55,33.52045757328931,3.636574144258001,1.2442550941530799,4.800000000000001,0.24042057830029157,10.29,4.072370728104076,0.40661025539953216,-0.02281917520579313,0.3006080005434342
1.6,33.57479075878472,3.8780366774881516,1.2636151849484172,4.950000000000001,0.20814217978595206,10.079999999999998,4.290784799685773,0.4274410245429871,-0.022719715859802925,0.2806509983201977
1.6500000000000001,33.627548189651876,4.127519449414987,1.282335336602439,5.100000000000001,0.19567705806904098,9.869999999999997,4.508725680425551,0.44642299444268574,-0.02310104976139593,0.3004280006280169
1.7000000000000002,33.67808885925871,4.385108056918683,1.3008074635102203,5.250000000000002,0.18776100029481083,9.659999999999997,4.726247484497638,0.4638110395252088,-0.023555257523272033,0.28492899946286343
1.75,33.72608997072884,4.650806934028902,1.3191096746411581,5.400000000000002,0.1810186561257452,9.449999999999998,5.16024695117214,0.48090495025608754,-0.0425209809654854,0.27712500013876706
1.8,33.750339962027226,4.927245332088992,1.3531659427552354,5.5500000000000025,0.3199719583445755,9.239999999999997,5.376829002195698,0.5146767112769184,-0.02677927064658636,0.29105000066920184
1.85,33.787073055012044,5.209868190116733,1.3718732687279722,5.700000000000003,0.17540596063373448,9.029999999999996,5.593200475332317,0.5309103331276864,-0.026157398035141277,0.280711999948835
1.9000000000000001,33.82161969890518,5.500320904677505,1.389361114153047,5.850000000000003,0.16004561637997405,8.819999999999995,6.025508154207841,0.5448385460751193,-0.04411179445269564,0.32946200008154847
1.9500000000000002,33.83138250568135,5.800162008603987,1.4226937269901274,6.0000000000000036,0.29145084541561994,8.609999999999994,6.2415392696493,0.5754548788990506,-0.028118403460182684,0.31303200012189336
2.0,33.85433937697315,6.1068038714676405,1.4394373425739975,6.150000000000004,0.14597142934165122,8.399999999999995,6.673582587115395,0.5879194369637417,-0.04525508340489237,0.2903299973695539
2.0500000000000003,33.852220949251574,6.4217967479966,1.4718633437476196,6.300000000000004,0.2710948028383006,8.189999999999994,6.889680882794986,0.616350805247719,-0.029360283949280586,0.28682199990726076
2.1,33.86351550314149,6.744098909100785,1.4871501013054127,6.450000000000005,0.1272901857677512,7.979999999999993,7.322234292224756,0.6255391481459912,-0.04630298478315442,0.3322769989608787
2.15,33.84883133427073,7.073772042953962,1.5186503598681496,6.600000000000005,0.25224004747926976,7.769999999999993,7.538766092056405,0.651282159387864,-0.030498746498375695,0.2902289998019114
2.2,33.8477416136002,7.411270283703244,1.5325082208184106,6.750000000000005,0.110412018105429,7.5599999999999925,7.97251981379391,0.6564000068050885,-0.04719906503629989,0.2813829996739514
2.25,33.81980000914264,7.755136924627219,1.563158851655003,6.900000000000006,0.23542631451988366,7.349999999999992,8.407415652863971,0.6801917296763798,-0.046013101148523194,0.28340600329102017
2.3000000000000003,33.785375123433475,8.105951943182456,1.5907962260169404,7.050000000000006,0.20861076613920557,7.139999999999992,8.625369522089121,0.7000428814399564,-0.032708957402109995,0.27806700018118136
2.35,33.76199411114127,8.46519187451553,1.6028024897975808,7.200000000000006,0.08980477488207993,6.929999999999991,9.062432061839337,0.7010040455095798,-0.04860176169316066,0.28336700052022934
2.4000000000000004,33.71119879340063,8.829164518673888,1.631947304944397,7.350000000000007,0.21093983457230486,6.719999999999991,9.501209401015776,0.7203866259334354,-0.04638463500912149,0.2830459998222068
2.45,33.65468963432376,9.199882356038676,1.6570476020667098,7.500000000000007,0.1787923263103351,6.50999999999999,9.941894489775144,0.7361108658748774,-0.047314276446686065,0.2814520012179855
2.5,33.58849768111224,9.576611536392473,1.681952741457522,7.6500000000000075,0.17402274332257173,6.29999999999999,10.163007806009286,0.7504018922707664,-0.03511363529638256,0.28341600045678206
2.5500000000000003,33.53218073797263,9.962523964172936,1.691707202830127,7.800000000000008,0.06742850999214715,6.089999999999989,10.606877815605383,0.7458447168232265,-0.050205033356940376,0.27640299958875403
2.6,33.4473992786476,10.35087735240937,1.7194747973173978,7.950000000000008,0.18642010908173057,5.879999999999988,11.053064181799176,0.7600677295863575,-0.046615552394172255,0.27540200244402513
2.6500000000000004,33.35787989125144,10.745859984027794,1.741775033266821,8.100000000000009,0.14758723874081872,5.669999999999988,11.50170589700058,0.7687109933067059,-0.047931210651720235,0.2868629999284167
2.7,33.25700434528386,11.14583545105764,1.7650646719798972,8.250000000000009,0.15127663998744617,5.4599999999999875,11.952930718689776,0.7783095882781318,-0.04780580994165673,0.28022100013913587
2.75,33.14641408052782,11.55101416883683,1.7875608454758716,8.40000000000001,0.14362252049178859,5.249999999999988,12.406856837229753,0.7869217121845358,-0.048136105869558854,0.2761430005193688
2.8000000000000003,33.02520055984692,11.96096969374672,1.8099927622589078,8.55000000000001,0.1407386220594827,5.039999999999987,12.863594417655344,0.7952099005793368,-0.048308464245709004,0.2877140032069292
2.85,32.89323603331142,12.375469830943633,1.832270342972989,8.70000000000001,0.13740334802949214,4.829999999999986,13.323247023573533,0.8030010935222506,-0.04852866854830218,0.28244500208529644
2.9000000000000004,32.75007494498247,12.794171577761666,1.8545875607659381,8.85000000000001,0.13534041000633812,4.619999999999986,13.785912941436472,0.8104204627067769,-0.04871710848070476,0.2781369985314086
2.95,32.59534316698534,13.216732906893716,1.877028335740638,9.00000000000001,0.13383972171117012,4.409999999999985,14.251686430120523,0.8174809674557401,-0.04890150389275316,0.2853500009223353
3.0,32.42859292381196,13.64276178666787,1.8997147655626936,9.150000000000011,0.1330956130069782,4.199999999999985,14.720658923909271,0.8242326481181644,-0.04906738484117312,0.2761030009423848
3.0500000000000003,32.24936384143203,14.071832801803183,1.9227458210125974,9.300000000000011,0.13293998176135374,3.9899999999999842,15.192920216746874,0.8306961766516014,-0.04921820127228882,0.2758129994617775
3.1,32.05716093321398,14.5034741947123,1.9462223595494663,9.450000000000012,0.133355467668405,3.779999999999984,15.668559652256038,0.8368859393979261,-0.049349211135471194,0.2913819989771582
3.1500000000000004,31.851469668209617,14.937168907039885,1.9702345630105018,9.600000000000012,0.13425614315385692,3.5699999999999834,16.147667337883995,0.8427949173042859,-0.04945904247356303,0.2759220005827956
3.2,31.631755230778086,15.372349117968813,1.994866834415122,9.750000000000012,0.1355878467281351,3.359999999999983,16.63033539313807,0.8483982063791625,-0.049543896238669394,0.28072100030840375
3.25,31.396545070800897,15.807896108135782,2.0209768134090114,9.900000000000013,0.14146673407327662,3.1499999999999826,17.116659231770235,0.8546997772638304,-0.0488177324003054,0.29449700014083646
3.3000000000000003,31.146507566640487,16.24359872347477,2.047368487141231,10.047000000000011,0.14090829917017686,2.9399999999999817,17.60673886660105,0.8603384199149943,-0.04853846541777429,0.2792689992929809
3.35,30.880728474609437,16.677915828421604,2.074794136814674,10.18371000000001,0.14441447737359836,2.734199999999984,18.34913405728212,0.8674462102229412,-0.06175752122954048,0.2782770025078207
3.4000000000000004,30.57543544566547,17.09334362148647,2.1246278924379087,10.31085030000001,0.2552946020979263,2.5428059999999855,18.84908258902669,0.9010796738497885,-0.04005986165303099,0.28177299827802926
3.45,30.283869361935476,17.52566763771725,2.139899609334151,10.429090779000008,0.07891007263202311,2.364809579999987,19.353191582032043,0.8980762938211643,-0.053785724141140356,0.2844679984264076
3.5,29.957632825835127,17.939489934020983,2.1784697574008796,10.539054424470008,0.1951115390462917,2.1992729093999888,19.86159696899019,0.9174548589986726,-0.04508738139694968,0.28022100013913587
3.5500000000000003,29.62660944183047,18.356044588666975,2.2036524982717838,10.641320614757108,0.12710238331063656,2.045323805741989,20.374445318003843,0.9216389997948295,-0.05065203083991143,0.28077200113330036
3.6,29.272050185592516,18.75911401014728,2.238976500224765,10.73642817172411,0.17583107667502862,1.902151139340049,20.89189429480931,0.9345112400902952,-0.04694113041683501,0.27681500068865716
3.6500000000000004,28.905847578524213,19.1576621511195,2.2690810102423544,10.824878199703424,0.1490626694922607,1.769000559586245,21.677066356520005,0.9417101256855471,-0.0658311311327342,0.29201299912529066
3.7,28.49555761441971,19.516933948285974,2.3315038767916274,10.907136725724184,0.2997374048335272,1.645170520415207,22.206779425349822,0.9864182065220336,-0.037072039712112925,0.2837169995473232
3.75,28.103675804182622,19.901679786057926,2.3452910797886393,10.98363715492349,0.06767993558805507,1.530008583986142,22.74173017312694,0.9799699941583523,-0.05769740687500757,0.3043750002689194
3.8000000000000003,27.67315715306985,20.24834134195785,2.3939906501142794,11.054782554078846,0.23354505548904475,1.4229079831071128,23.282121311279347,1.0070424322779175,-0.04410515683662153,0.2871830001822673
3.85,27.24256358306913,20.60016214297172,2.4197856882660655,11.120947775293327,0.12460409345900877,1.3233044242896153,23.828161629384134,1.009039082839953,-0.054050741871275676,0.2867519979190547
3.9000000000000004,26.78705786919271,20.92440629791342,2.462672984256873,11.182481431022795,0.2042149618741569,1.2306731145893415,24.658278994156234,1.0285383039000051,-0.0658124485375362,0.27794700145022944
3.95,26.302274222702607,21.20868150046044,2.5249767101489224,11.2397077308512,0.29084359316198494,1.1445259965680865,25.219371270488825,1.0729000660220744,-0.040526242078585906,0.29572899802587926
4.0,25.828003430903237,21.515100794549156,2.5429719030055153,11.292928189691615,0.08583713858279865,1.064409176808321,25.786850172035177,1.0707356745853278,-0.059926587031889245,0.274149002507329
4.05,25.324680463898698,21.77642894446095,2.593509657228191,11.342423216413202,0.2361165345257667,0.9899005344317388,26.36091349761532,1.0997382680229073,-0.047083563419496155,0.3110170000582002
4.1000000000000005,24.82025670481102,22.040623681858964,2.621224251665039,11.388453591264279,0.13066403179797487,0.9206074970215169,26.94174565147352,1.1041554851994362,-0.057283959707683074,0.299506002193084
4.15,24.29730153309468,22.27127982529467,2.665830988446279,11.431261839875779,0.20767902745308242,0.85616497223001,27.529513073922367,1.1242041368038826,-0.05073471201752522,0.2814229992509354
4.2,23.768833202706503,22.494181244129308,2.6984450789830223,11.471073511084475,0.15234106366271244,0.7962334241739096,28.12435957538501,1.1309435014141365,-0.05624518275840229,0.2771139988908544
4.25,23.227565037711507,22.68942364097742,2.7399023873581188,11.508098365308562,0.1921324872400314,0.7404970844817352,28.72640167672944,1.1455671377133294,-0.05290743758009997,0.29879600333515555
4.3,22.679746532297603,22.870999981748653,2.774878122678163,11.542531479736963,0.16219139385219503,0.6886622885680125,29.33572405839185,1.1528539232283135,-0.05597840588739533,0.2808319986797869
4.3500000000000005,22.122709960476858,23.027958652688998,2.814455429040132,11.574554276155377,0.1825877377534043,0.6404559283682513,29.952375216629843,1.1641828075499083,-0.05431196166624197,0.3039049988728948
4.4,21.559641352258282,23.167977391026113,2.8503875699874124,11.6043354768245,0.16567515651293946,0.5956240133824724,30.57636341779378,1.1714818920178147,-0.056097221891941995,0.28406799901858903
4.45,20.989943404077277,23.285044331618998,2.888630611209228,11.632031993446786,0.17570689486148192,0.5539303324456991,31.207653031372956,1.1809674379614006,-0.05532616113572164,0.2831459969456773
4.5,20.415418914727603,23.383440296999485,2.9246990049844763,11.657789753905512,0.16554328137903745,0.5151552091745,31.846161310468943,1.1883499023708586,-0.05643814838541994,0.2890270006901119
4.55,19.836360487433186,23.45992050686701,2.9618150995804227,11.681744471132125,0.16991834007924805,0.47909434453228383,32.49175567500141,1.197079233457775,-0.05617039808484847,0.27984000189462677
4.6000000000000005,19.25394399884674,23.51694139973087,2.9975210938639227,11.704022358152876,0.16327375269529792,0.44555774041502433,33.144251539058736,1.2048842063267844,-0.05694583439135936,0.2768840022326913
4.65,18.66880639604309,23.552828060868574,3.033567226268133,11.724740793082175,0.1645152459381582,0.414368698585973,33.803410709985535,1.2137051360687534,-0.05698460114720749,0.2898279999499209
4.7,18.081830476499917,23.569064892164853,3.0686009716404694,11.744008937566422,0.1597162012628555,0.3853628896849553,34.4689403735648,1.2223474091224122,-0.05761446650977309,0.2787179982988164
4.75,17.493748971469692,23.564877114802687,3.1035750544075587,11.761928311936773,0.1592099605387913,0.35838748740700943,35.14049266739997,1.2319102452016089,-0.05786233579191702,0.2799800022330601
4.800000000000001,16.90529388819418,23.54123886070113,3.137744152812278,11.778593330101199,0.15538840073480842,0.33330036328851836,35.81766483360525,1.2417658542851164,-0.05845701822097027,0.28966800164198503
4.8500000000000005,16.31718427934967,23.49789614188274,-3.111557650598974,11.794091796994115,0.15391084356627188,0.3099693378583218,36.49999993234081,1.252531981098389,-0.05886590345706377,0.2838869986589998
4.9,15.7300587704099,23.435561284005065,-3.078369857822561,11.808505371204527,0.15061756369240775,0.28827148420823895,36.84294626897551,1.2604559962696231,-0.04264415767054297,0.2789780010061804
4.95,15.14069780741704,23.39031147585248,-3.0725003128398667,11.82190999522021,0.026804426453328534,0.2680924803136623,37.53205367625888,1.2355728726803756,-0.07034087904608155,0.2849490010703448
5.0,14.559638465740258,23.27850272301032,-3.0192015593227772,11.834376295554796,0.23856948179196735,0.24932600669170596,38.224954033513264,1.2600131831030346,-0.050114478234536186,0.2826249983627349
5.050000000000001,13.975018386914517,23.183440249537608,-3.0021683104827384,11.84596995486596,0.07749079507379239,0.23187318622328623,38.92101378497884,1.2498843077945105,-0.06565331083862391,0.27907800176762976
5.1000000000000005,13.398769939002062,23.044177369730367,-2.959127139156338,11.856752058025343,0.19357081770870907,0.215642063187655,39.619554495485445,1.2675795313963938,-0.054678228445319554,0.28162299713585526
5.15,12.821639083202543,22.906441719177256,-2.9363365363459963,11.866779413963569,0.1033396256503924,0.2005471187645199,39.9695317039257,1.2636780905598148,-0.047729168620112006,0.2759730014076922
5.2,12.243674396816221,22.770201168653845,-2.9247909707348616,11.876104854986119,0.0524489094423404,0.1865088204510041,40.67043151765358,1.2435000222434722,-0.06747996996930938,0.28338599804556
5.25,11.679491263175418,22.583607403548964,-2.8794668265062113,11.88477751513709,0.20309670212408418,0.17345320301943337,41.371941474767404,1.259184580098897,-0.05293097744471309,0.2820740010065492
5.300000000000001,11.112439839915666,22.40457674909941,-2.8602094136926692,11.892843089077493,0.08721734175772859,0.16131147880807395,42.073253017457304,1.2506658202224599,-0.06391960818743847,0.2803009992931038
5.3500000000000005,10.556898830236014,22.19145786398084,-2.822687416810569,11.900344072842069,0.1686457219753189,0.1500196752915098,42.77352914724446,1.262214346218195,-0.05610482182442755,0.3319060015201103
5.4,10.002032489484572,21.975624555320262,-2.799704311211572,11.907319987743124,0.10385397499594819,0.1395182980211036,43.123010627962636,1.257905768473895,-0.04776958894173422,0.28367699997033924
5.45,9.445217248040215,21.7639554384402,-2.7902675131879966,11.913807588601106,0.04274675955948824,0.12975201715962648,43.820112450935596,1.235534228666541,-0.06720820680233208,0.28614099937840365
5.5,8.90800530738304,21.50586658184331,-2.7475152736166533,11.919841057399028,0.19131019478843353,0.12066937595845174,44.51398986396073,1.2482842653230133,-0.05275673679677917,0.28350700085866265
5.550000000000001,8.366666557162668,21.25587981828348,-2.730484052796336,11.925452183381095,0.07696724056030049,0.11222251964136126,45.20374018019229,1.236835073197074,-0.06343128590874203,0.27677400066750124
5.6000000000000005,7.840289265859734,20.975203500309217,-2.695608555843339,11.930670530544418,0.1565599038835907,0.1043669432664668,45.88845192267415,1.2445778945201276,-0.05564190322447793,0.29199200071161613
5.65,7.314440851660903,20.69302402921596,-2.6750263050365444,11.935523593406309,0.09285269757801128,0.09706125723781439,46.56720931120941,1.2390984015793425,-0.06149653322400006,0.32799900145619176
5.7,6.8005640608276074,20.389146012117326,-2.645146689864467,11.940036941867866,0.13431985565235194,0.09026696923116759,46.90406886819722,1.2411611431118774,-0.04458114358930132,0.28805599868064746
5.75,6.276482919106128,20.102788206626045,-2.6435413161306545,11.944234355937116,0.007257782867464424,0.08394828138498694,47.57217925240592,1.2107305122961578,-0.06837091285816888,0.2832970021700021
5.800000000000001,5.7813168381108415,19.768564399165577,-2.601071029054904,11.948137951021518,0.1896393272915706,0.07807190168803757,48.23205638396591,1.2220828270538378,-0.050546501483584194,0.28339599884930067
5.8500000000000005,5.276761339053124,19.448352497792175,-2.5900107127046668,11.951768294450012,0.049930742407841316,0.0726068685698742,48.88280461362826,1.2026313300804499,-0.06333024979726565,0.2787180019367952
5.9,4.792090195463271,19.09848454636162,-2.557332005962082,11.955144513838512,0.1465477356113935,0.06752438776998275,49.5235440325668,1.2051828231423747,-0.05363269020517514,0.2849389966286253
5.95,4.3050771415623466,18.75161324503945,-2.5419862855923476,11.958284397869816,0.06918603470167099,0.06279768062608326,50.15341490565909,1.190512041663461,-0.06033441801297634,0.27837699963129126
6.0,3.832253555814479,18.385397613354165,-2.515636444777557,11.961204490018929,0.11840245220887351,0.05840184298225743,50.77158213562347,1.1867414864949597,-0.05501659458076924,0.277695002296241
6.050000000000001,3.3609050618271725,18.017064798982087,-2.499070792249909,11.963920175717604,0.07463137342690665,0.05431371397349949,51.3772397942256,1.1728638674139158,-0.058373377265998005,0.2837569991243072
6.1000000000000005,2.900039420165771,17.635499049919034,-2.4773273168565355,11.966445763417372,0.09780692303384086,0.05051175399535452,51.96961576847936,1.1636741665625054,-0.05533448706006805,0.277204999292735
6.15,2.4423533292016817,17.249942892938734,-2.4614500277478917,11.968794559978155,0.07151192924298921,0.04697593121567891,52.54797658292421,1.147995321559415,-0.056819587761300916,0.2882750013668556
6.2,1.9924609913761269,16.855154688495727,-2.4436564012649926,11.970978940779684,0.08009372699589716,0.04368761603058253,53.38774379941532,1.134465561090579,-0.06223516022919906,0.29575900043710135
6.25,1.5558752312099349,16.445550831079967,-2.4189814999981056,11.973010414925106,0.11083131303337246,0.04062948290844232,53.92815806507875,1.1293823061692903,-0.050896318708317345,0.31625699921278283
6.300000000000001,1.1104776528370102,16.04540516585694,-2.4148478826432935,11.974899685880349,0.018638109348169563,0.03778541910485131,54.452370961117374,1.1025847554482617,-0.058159010647897524,0.28003999977954663
6.3500000000000005,0.6771531652682418,15.63208851579478,-2.3993047976529644,11.976656707868724,0.06996581777379465,0.03514043976751182,55.20725884638989,1.0866554660737255,-0.055562107855896326,0.3212159972463269
6.4,0.2431309076851934,15.219386077648728,-2.391346604543731,11.978290738317913,0.03586139287935541,0.03268060898378664,55.68898253318837,1.063306587580114,-0.05307333619804666,0.30171999969752505
6.45,-0.19296570241922484,14.808765341561529,-2.3890955457172423,11.97981038663566,0.010146488232457819,0.030392966354921922,56.3785370069288,1.0337919485982419,-0.053486650334286345,0.31734999720356427
6.5,-0.6310780313942139,14.400192351568577,-2.3899710699310157,11.981223659571164,-0.003946012819424782,0.028265458710077237,56.81597323118724,1.0009725508381664,-0.05190318486577228,0.30014799995115027
6.550000000000001,-1.0738703786706574,13.996598521461127,-2.395520230624156,11.982538003401183,-0.0250024022195114,0.026286876600370587,57.43866479864148,0.9648962287860755,-0.04634370523170217,0.31119800041778944
6.6000000000000005,-1.5317559952359583,13.610118195896506,-2.415524573667706,11.9837603431631,-0.08989856787094659,0.024446795238343453,58.021683481556096,0.915061694921779,-0.044886299507307825,0.3157659994030837
6.65,-2.0040945332118376,13.241349022925343,-2.4436100292462153,11.984897119141683,-0.12587476839377323,0.02273551957166013,58.566319851772874,0.8587131511313961,-0.03940988129915546,0.2875539976230357
6.7,-2.4988809792443085,12.903200941053772,-2.4874648637892993,11.985954320801765,-0.1950656473583592,0.02114403320164335,59.23686089840094,0.7891350156411882,-0.016838647816726393,0.28595099865924567
6.75,-3.040826523565932,12.64724839728492,-2.583437275802784,11.986937518345641,-0.40807669033956856,0.01966395087752879,59.702718877427884,0.6648580337603396,-0.045341595022546866,1.7829319986049086
6.800000000000001,-3.5796033191571492,12.38458692885557,-2.6300249886807094,11.987851892061446,-0.2068553789038271,0.018287474316102247,60.28426041925692,0.5974987582054795,0.020770625751560523,0.3321470030641649
6.8500000000000005,-4.163180255586542,12.247618268418018,-2.758204256770047,11.988702259617146,-0.7272180672176003,0.017007351113975486,60.83534628618843,0.4638708644188477,0.024730505985171014,0.3033439970749896
6.9,-4.75951753150645,12.186367020084997,-2.8863919802805253,11.989493101443946,-0.7360549910892628,0.01581683653599626,61.24013699452261,0.33456455597357393,0.00048001326506463826,0.29669100331375375
6.95,-5.358962670739907,12.195282109056146,-3.0093297700319175,11.99022858434287,-0.5056571905745681,0.014709657978475475,61.92384097972039,0.21194327149157105,0.04023492462310818,0.30645900187664665
7.0,-5.951885622803644,12.284149056653131,-3.137532670177801,11.990912583438869,-0.6994442620331416,0.013679981919982964,62.4998640911144,0.08596365373455,0.0193157984597514,0.28743400253006257
7.050000000000001,-6.536663670502971,12.416541411590723,3.043204996472279,11.991548702598148,-0.4322435697143749,0.012722383185584007,62.958730633741,-0.023728877213515694,-0.01950468716115239,0.2840080014721025
7.1000000000000005,-7.131603303436176,12.491210047628547,3.0314473964944177,11.992140293416279,-0.052894491692535295,0.011831816362592206,63.614745965714356,-0.0344102810222215,0.03153187070228203,0.28476899751694873
7.15,-7.705390156647669,12.66536575102998,2.948537344976848,11.99269047287714,-0.357299291435366,0.011003589217209607,64.14347313165332,-0.11744898654214436,-0.019088195680390108,0.28111199935665354
7.2,-8.298445160156552,12.754123887146514,2.9683149214485187,11.99320213977574,0.08881527097981748,0.010233337972004363,64.8998992497802,-0.09588094190111618,0.027175682500431897,0.28888599990750663
7.25,-8.874816181945581,12.91970536123369,2.9208396755648103,11.993677989991438,-0.2105822466298311,0.009517004313964605,65.50596867453714,-0.14197471462861896,-0.010775855029831582,0.2816029991663527
7.300000000000001,-9.466572511703744,13.017028351596036,2.946521244332339,11.994120530692037,0.1151125521739844,0.008850814011986684,65.9280674928285,-0.11331484389141201,0.017116702225817626,0.29545899815275334
7.3500000000000005,-10.049570362095439,13.157689315606243,2.9279963821177972,11.994532093543594,-0.08320732109714074,0.008231257031148687,66.58724839447758,-0.12824199190850172,-0.0034188723715220526,0.28639200172619894
7.4,-10.641101311552571,13.25661399049087,2.9492901695663924,11.994914846995542,0.09557062696310516,0.007655069038968776,67.27595186435731,-0.10255998376546668,0.010349889220974351,0.27608300297288224
7.45,-11.230032279371118,13.370089183902518,2.9501588204911258,11.995270807705854,0.003910450342626784,0.007119214206241508,67.75034130278952,-0.09648321821451585,0.003545721130165269,0.28312599897617474
7.5,-11.822148689582692,13.465662800489042,2.9641155792671707,11.995601851166445,0.06274596720603519,0.006620869211804603,68.48282174568942,-0.07786131161618695,0.002504740163371988,0.2898290003940929
7.550000000000001,-12.41621899243302,13.548337466453594,2.981540226355314,11.995909721584793,0.07827737748411741,0.006157408366977535,68.98380335315152,-0.0545875288353744,0.007842302416978253,0.2837070023815613
7.6000000000000005,-13.010125050767526,13.632286215778763,2.990264124357444,11.996196041073857,0.03924982161602441,0.005726389781289853,69.49383458320273,-0.04130836566610414,0.0029659217584177,0.2750410021690186
7.65,-13.60618104766537,13.69940565366392,3.0076878966860594,11.996462318198686,0.07826987297548123,0.005325542496600732,70.27372546832899,-0.02023790913867912,-0.0026089175739483217,0.28890699832118116
7.7,-14.20444528586254,13.742793736253732,3.035051909647043,11.996709955924779,0.12255454548398897,0.0049527545218392525,70.80209141234168,0.0128728976180594,0.007821186030763538,0.27932899683946744
7.75,-14.802061446841488,13.79447896704963,3.044059623094597,11.996940259010044,0.040522853166204395,0.004606061705310083,71.33602248566069,0.026140880634231364,-0.0013013901390359628,0.2804609976010397
7.800000000000001,-15.401369333831642,13.820156647769936,3.0683953282252157,11.99715444087934,0.10910169079134945,0.004283637385938377,71.87449600335617,0.05315473925079154,0.0037659564296652626,0.284448000456905
7.8500000000000005,-16.00077798810238,13.843619394723175,3.08354191390314,11.997353630017786,0.0680693433157556,0.00398378276892366,72.68849738087086,0.07023879862432833,-0.012022644498053126,0.2773650012386497
7.9,-16.600265127800444,13.82199725249678,3.1254806901702157,11.997538875916542,0.18656797619931742,0.003704917975099775,73.2338970508855,0.117143672563302,0.007990302828567941,0.2773849992081523
7.95,-17.200149262313474,13.823303978455659,3.131672651759157,11.997711154602383,0.027861930970674118,0.0034455737168418207,73.7803415948558,0.12661918172586403,-0.008753051815631352,0.28070100233890116
8.0,-17.798698480144765,13.783165124610706,-3.1172823672128462,11.997871373780216,0.15286176494450468,0.0032043835566636144,74.3268870135699,0.16229639363207105,0.0015534609638754304,0.2744390003499575
8.05,-18.397554303687038,13.747768301819614,-3.1018438426000237,11.998020377615601,0.06937331890366201,0.0029800767076981313,75.14492382461928,0.17892000600125824,-0.020712109372427623,0.2747799990174826
8.1,-18.989918391744304,13.652929845881713,-3.048709532775004,11.998158951182509,0.23473268510402753,0.0027714713381580933,75.68785522253827,0.23615430695807585,0.0060919762672186906,0.27662399952532724
8.15,-19.58660240772084,13.590757007093703,-3.0438480400177594,11.998287824599734,0.021876348761082104,0.002577468344487599,76.22792266389706,0.24288851871006537,-0.016319918540107725,0.2733569999691099
8.200000000000001,-20.17536441536558,13.475588585616576,-3.0013123085972016,11.998407676877752,0.18914773425636627,0.0023970455603727456,76.7644004656188,0.2847757447738024,-0.0019907366391227477,0.28130300051998347
8.25,-20.765909853000196,13.369913423250539,-2.9849555994143007,11.99851913949631,0.07348173295283847,0.002229252371146728,77.56095579274758,0.2995441718574431,-0.02966865909076688,0.2728669969656039
8.3,-21.339260710524364,13.193317367513455,-2.921356437930651,11.998622799731567,0.27877553266912997,0.002073204705166631,78.08570938955948,0.36413669193157494,0.003445301683622226,0.27027200121665373
8.35,-21.923606173074138,13.05743677020976,-2.9176953292804124,11.998719203750358,0.016475256728507387,0.0019280803758057628,78.60485617662489,0.36547567545461246,-0.024259235544489055,0.2792189989122562
8.4,-22.489720402419078,12.858833612003515,-2.8670353917478524,11.998808859487832,0.2241607722491618,0.0017931147494984145,79.37217822669446,0.4116104742087716,-0.022239472822191964,0.2736980022746138
8.450000000000001,-23.047970419524994,12.639082717059948,-2.8222414132837885,11.998892239323684,0.19892539109354138,0.0016675967170346694,79.87566112125818,0.4539655723892455,-0.010880958414364539,0.2808820026984904
8.5,-23.606999771872673,12.42131133964463,-2.7990595198829387,11.998969782571026,0.10395142194882474,0.0015508649468422675,80.61822440488703,0.4718982887681477,-0.03924509554313671,0.31142899752012454
8.55,-24.132929768087315,12.132624389395698,-2.727582252576739,11.999041897791054,0.3112201544041586,0.0014423044005642538,81.10463275500058,0.5389701503872836,-0.0029697748033292726,0.2801910013658926
8.6,-24.679364961460642,11.884924733916218,-2.722433382226902,11.99910896494568,0.023167491329561585,0.001341343092524383,81.82118656876062,0.5354100126378221,-0.05168589096745668,0.2804809992085211
8.65,-25.16775683948261,11.536465761520834,-2.6320880348209994,11.999171337399483,0.38616772548150696,0.001247449076047502,82.29024297140035,0.617391815558652,0.0021795447768542253,0.2841579989762977
8.700000000000001,-25.696975255990353,11.253832377539563,-2.6405254819547155,11.999229343781519,-0.03795271766634717,0.0011601276407237292,82.98115236336221,0.5939807439168728,-0.06155331141992315,0.27697499899659306
8.75,-26.14307878464513,10.852648329515533,-2.535827910150782,11.999283289716812,0.4403164851190286,0.0010789187058740878,83.65742720004324,0.6849555462622465,-0.01245328230257492,0.2730569976847619
8.8,-26.62834045965828,10.499829515617634,-2.525649626676105,11.999333459436636,0.045772826050575505,0.0010033943964625534,84.31992387326729,0.6824228465448574,-0.05768603848924192,0.28134300009696744
8.85,-27.041471095998624,10.064759538126399,-2.437726508736189,11.999380117276072,0.37677191913644054,0.0009331567887091552,84.96967641071554,0.7571140047561379,-0.024457496810277313,0.27241600037086755
8.9,-27.478642070928878,9.653849633094419,-2.4152299053114135,11.999423509066746,0.10089580725882688,0.0008678358134993402,85.60784121744948,0.7653621992105648,-0.05538904212397089,0.2739490009844303
8.950000000000001,-27.85630690184462,9.187655351690285,-2.341883112815329,11.999463863432075,0.3188154760711095,0.0008070873065552319,86.23564344222362,0.8225779759389669,-0.03365924926792285,0.29100000028847717
9.0,-28.24551106149061,8.731048073698256,-2.3128604780830453,11.99950139299183,0.12987214820131654,0.0007505911950953958,86.85432836465571,0.8332797146759069,-0.05392971515372791,0.27314700128044933
9.05,-28.587880541694005,8.238346016373796,-2.2525944044543746,11.999536295482402,0.26483723649344215,0.0006980498114383948,87.46512067331959,0.8727584264100027,-0.04017763580189637,0.2769349994196091
9.1,-28.932866473628007,7.7474704389404945,-2.22179196106511,11.999568754798634,0.13773826640434933,0.0006491863246370854,88.06919359803051,0.8803446048648376,-0.052734513595795285,0.27654299992718734
9.15,-29.24262818891376,7.23363815437372,-2.1733874637844606,11.99959894196273,0.21447717463828714,0.000603743281912017,88.66764870890132,0.9032724690142724,-0.0442557716935883,0.28218399893376045
9.200000000000001,-29.549658201227633,6.718167308594975,-2.1442842485484133,11.99962701602534,0.1302273288843623,0.0005614812521770318,89.45860097015814,0.905801420404007,-0.06276661496192526,0.27189500178792514
9.25,-29.80967965840834,6.177456637717617,-2.0883279837196986,11.999653124903565,0.2466819082638816,0.0005221775645246396,90.04777213475145,0.9383611221724524,-0.038255876172410996,0.30553699980373494
9.3,-30.095796469868674,5.650087872213291,-2.07924401986579,11.999677406160316,0.0408561883287339,0.00048562513500876036,90.63441358023515,0.9221938530664661,-0.057055373101022155,0.287804999970831
9.35,-30.341497361893733,5.102718644774577,-2.0406914242149594,11.999699987729095,0.1717811495065208,0.0004516313755573264,91.21929654815705,0.9341034293832757,-0.043025690330120714,0.30833300115773454
9.4,-30.59910030711415,4.560847827952274,-2.029078331307502,11.999720988588058,0.05221263473338854,0.0004200171792675178,91.80313738146799,0.9181130186776741,-0.05287573113141519,0.2933750001830049
9.450000000000001,-30.831750765264612,4.007803349041293,-2.002343301826165,11.999740519386894,0.11973474501057901,0.0003906159767193884,92.5811209542707,0.9170987103363092,-0.05068121163114636,0.27633299760054797
9.5,-31.057249122541695,3.4518033382564814,-1.9817753159131395,11.99975868302981,0.09229483572382223,0.00036327285834900633,93.16505705749573,0.9120522478838607,-0.04607399701473103,0.2872240002034232
9.55,-31.282034369805388,2.895513730901122,-1.9697900918914013,11.999775575217724,0.05388231059058219,0.0003378437582654214,93.75000983878382,0.8980208713606891,-0.048545975733111035,0.277204999292735
9.600000000000001,-31.49477959105099,2.334508429639883,-1.9535488041441536,11.999791284952483,0.07295734470609559,0.00031419469518674244,94.3364912598971,0.888073957007998,-0.04583077474978037,0.28163300157757476
9.65,-31.703550228506895,1.7720111632191515,-1.9413851817110204,11.999805895005808,0.05468261729599402,0.0002922010665237451,94.92494920577232,0.8740362471928694,-0.046852685287664286,0.28335699971648864
9.700000000000001,-31.90178500091865,1.2057142940510004,-1.926328328886251,11.999819482355402,0.0676534512902188,0.0002717469918682269,95.5157548170085,0.8629674408511171,-0.045232704005226054,0.286963000689866
9.75,-32.092979675121384,0.6370012524013442,-1.9124510483159816,11.999832118590524,0.06236764592138729,0.00025272470243677955,96.10919007391762,0.8508262264814093,-0.045621708524113735,0.27515100009622984
9.8,-32.272815094091,0.06459418189791666,-1.8958900436027397,11.999843870289187,0.07438797607740047,0.00023503397326685158,96.70543784671717,0.8414567987155428,-0.044707868683158125,0.2835159975802526
9.850000000000001,-32.44215148361719,-0.5110067868270158,-1.8785591925301506,11.999854799368944,0.07783222627801378,0.000218581595138545,97.50493028563876,0.8334711484988704,-0.05127150350765408,0.276404000032926
9.9,-32.58305388952124,-1.094220649711656,-1.847080881313851,11.999864963413117,0.14071777113376072,0.00020328088347909556,98.10786721301795,0.8428171770523445,-0.04058765062309799,0.2703320024011191
9.950000000000001,-32.72655025891609,-1.6768021950496248,-1.8316167228534346,11.9998744159742,0.0694774332494087,0.00018905122163630493,98.71349032559604,0.836362756522346,-0.04883529159784317,0.27967999994871207
10.0,-32.838797160144345,-2.2662032686914335,-1.7992794484723955,11.999883206856005,0.14450484481380368,0.00017581763612106727,99.32157881624805,0.8468803118767997,-0.04347817383361452,0.2737680006248411
10.05,-32.940929502233224,-2.8574413490545805,-1.7737280032683949,11.999891382376084,0.11447979875226656,0.00016351040159321426,99.9318671004837,0.8505348232343026,-0.04846966605839853,0.2792189989122562
10.100000000000001,-33.013007010348886,-3.4530912227101807,-1.736973463913388,11.999898985609759,0.16391289648598917,0.00015206467348178874,100.54407855083772,0.8650954768353447,-0.04605490539349155,0.32389199986937456
10.15,-33.06568992688937,-4.05076912402817,-1.702121060481499,11.999906056617077,0.15556974327053308,0.00014142014633726773,101.15796448939423,0.8771718441792995,-0.04950748935208349,0.28530999770737253
10.200000000000001,-33.086462909730805,-4.65040504787045,-1.659010962466826,11.999912632653881,0.19161669642181225,0.0001315207360928383,101.7733462615804,0.8965865607846462,-0.048762916907032494,0.29637099942192435
10.25,-33.080579930194105,-5.250372143193487,-1.6153068329070601,11.99991874836811,0.19419151380277977,0.00012231428456601633,102.39015767504314,0.9152842469406736,-0.05149783907579675,0.2795790023810696
10.3,-33.03978825039029,-5.848980115936916,-1.5650728345967202,11.999924435982342,0.22231782363217828,0.00011375228464629572,103.0084846286738,0.9387726512873498,-0.0516965218411265,0.27659399711410515
10.350000000000001,-32.966797359020305,-6.444520302084901,-1.5131811222572362,11.999929725463577,0.2294033339353091,0.00010578962472145291,103.83577681121766,0.9633618432314487,-0.07292832903862756,0.28817500060540624
10.4,-32.81119194247747,-7.023988189921732,-1.4208987303725416,11.999934644681126,0.3936030509115884,9.838435099212005e-05,104.45905782915541,1.034514893431305,-0.03949250502787738,0.27588300144998357
10.450000000000001,-32.682212845222594,-7.609958108649441,-1.3911837551846038,11.999939219553447,0.13292952531174276,9.149744642371614e-05,105.08558616781616,1.0404667021401084,-0.07157155734086196,0.27808699815068394
10.5,-32.46284781478136,-8.168416336163899,-1.3035518088130456,11.999943474184706,0.37562242443299343,8.509262517435444e-05,105.7163408794574,1.1011242500267424,-0.04813019711872846,0.28202399698784575
10.55,-32.25030512472192,-8.729506748458308,-1.2612668513330108,11.999947430991776,0.18803520926370573,7.913614141195068e-05,106.35247916093684,1.113271036853628,-0.0717936427324335,0.2777859990601428
10.600000000000001,-31.96444828099866,-9.257032038422583,-1.1771458013375589,11.999951110822352,0.3618760958606084,7.359661151333795e-05,106.99529008961565,1.1639899709493855,-0.054679256162861734,0.27638299798127264
10.65,-31.6743469339143,-9.782235313744525,-1.1276077460291898,11.999954533064788,0.2193357831220331,6.844484870782708e-05,107.86510339876816,1.1791197814268783,-0.09487502537388526,0.280711999948835
10.700000000000001,-31.281279392215854,-10.235551285901503,-1.0040560075209797,11.999957715750252,0.5074264387255651,6.365370929728442e-05,108.52876263196403,1.2759685757993555,-0.03799750817933978,0.2715939990594052
10.75,-30.946628858760114,-10.733553957581602,-0.9929713182641504,11.999960675647735,0.04983995623616966,5.919794964697189e-05,109.20349756962175,1.2590532323587043,-0.09232363822078105,0.28446900250855833
10.8,-30.51032689968082,-11.145425789840202,-0.8859178565029895,11.999963428352393,0.44893484986852905,5.5054093171236214e-05,109.89037607911926,1.3366578947864876,-0.04884969474045331,0.28165299954707734
10.850000000000001,-30.10956660848549,-11.59195591010757,-0.8652126943795988,11.999965988367725,0.09290526704288765,5.120030665004549e-05,110.59022655865766,1.327787263608279,-0.08942143072886166,0.2696410010685213
10.9,-29.63760137103085,-11.962424419953964,-0.7752505309365278,11.999968369181984,0.3846639125099236,4.761628518501482e-05,111.06427821987641,1.3861085855387028,-0.03884459302237975,0.2692499983822927
10.950000000000001,-29.21228609104106,-12.38563258103988,-0.778656971677679,11.999970583339245,-0.015327820416415144,4.428314522293419e-05,111.78677793865427,1.3432900708875186,-0.09891703520006256,0.28342599762254395
11.0,-28.701695170016205,-12.700744100853408,-0.6765970382490787,11.999972642505497,0.430536681948479,4.118332505740341e-05,112.52293347555913,1.4082748791325184,-0.050445819618878396,0.30400499963434413
11.05,-28.226695178182947,-13.067313986703065,-0.6680023808817852,11.999974557530113,0.0386567731044509,3.830049230373333e-05,113.27235835054354,1.3830134573451154,-0.09222657182904648,0.33445199733250774
11.100000000000001,-27.69772197261874,-13.350485185991953,-0.588734265336607,11.999976338503005,0.34263753313061096,3.5619457842273045e-05,113.77899465434456,1.428629660407096,-0.04471782350771347,0.2927839996118564
11.15,-27.204030251507447,-13.691464898285584,-0.5957147082390688,11.999977994807795,-0.03140172517504189,3.312609579246839e-05,114.54871839057486,1.3847672706266412,-0.09657411324290255,0.2813830033119302
11.200000000000001,-26.65458028358461,-13.932511584346432,-0.5137862304533147,11.99997953517125,0.3532172935848828,3.0807269087418375e-05,115.06782199862374,1.4313615850106929,-0.042717062409620254,0.32566500158281997
11.25,-26.142364506296,-14.244975751188147,-0.5288905194450222,11.999980967709261,-0.06786502816893442,2.865076025102553e-05,115.85427381032757,1.3788993815994142,-0.0971666169244414,0.2811419981298968
11.3,-25.57964831205264,-14.453180993041533,-0.4505334977251594,11.999982299969613,0.3389955280985506,2.664520703454798e-05,116.38301881562974,1.4217052141795488,-0.04320670115805614,0.27759500153479166
11.350000000000001,-25.05061618969024,-14.736242869400247,-0.46866091094352846,11.99998353897174,-0.0813932541133304,2.4780042542005275e-05,116.91465989493423,1.3657442519193963,-0.08427222595172212,0.28651200045715086
11.4,-24.487137718791118,-14.942376550074703,-0.41598999347268384,11.999984691243718,0.23272484224226525,2.304543956341831e-05,117.71622249431816,1.3789864763559565,-0.06328526252062616,0.2805110016197432
11.450000000000001,-23.9311256624794,-15.167875417051727,-0.40234319936471863,11.999985762856658,0.06133362190016641,2.1432258795073266e-05,118.2524039202707,1.3559339532207477,-0.06895130721043863,0.27386900183046237
11.5,-23.367617379114936,-15.3739278864557,-0.37930662286562766,11.999986759456693,0.10329574489998306,1.9932000678224426e-05,119.05774550918034,1.3418044119811283,-0.07217189589674744,0.2819639994413592
11.55,-22.79792477691854,-15.562208528532253,-0.35255771007714376,11.999987686294725,0.11979388543709343,1.8536760629928038e-05,119.59438457717886,1.3330210618639469,-0.06111625129496101,0.27971999952569604
11.600000000000001,-22.231428431327366,-15.759898192721913,-0.3450896056525141,11.999988548254095,0.03359385885438958,1.723918738498753e-05,120.13004921748542,1.3038472854740122,-0.0678856357536568,0.29412600270006806
11.65,-21.658601631572747,-15.938416590865474,-0.32597376226762975,11.999989349876309,0.08581013187979276,1.6032444267466414e-05,120.93031107204392,1.2862532802528177,-0.06737643640784485,0.2845979979611002
11.700000000000001,-21.083306393882904,-16.1088125861668,-0.30906911751414734,11.999990095384968,0.07592473595376573,1.491017316794796e-05,121.46076099734915,1.2676822091578863,-0.06102583224376845,0.27243599834037013
11.75,-20.50926637237686,-16.28339065189109,-0.30291975733384513,11.99999078870802,0.02766508200545346,1.386646104499789e-05,121.98808488483826,1.2377927756274407,-0.0639339512299979,0.2776460023596883
11.8,-19.932162850092553,-16.447558281395622,-0.2914627968956811,11.999991433498458,0.05151075155758565,1.2895808771773431e-05,122.51174502879063,1.212929620682588,-0.06002293771615852,0.2813319988490548
11.850000000000001,-19.355496404089568,-16.613254787223774,-0.28627798746957067,11.999992033153566,0.023327425633943195,1.1993102158669443e-05,123.28930898796224,1.181920291760795,-0.06329117240104987,0.27500100259203464
11.9,-18.776201248560383,-16.76951315733726,-0.2761386186107555,11.999992590832816,0.04559556468832831,1.1153585007761534e-05,123.80178813617809,1.1569310826004273,-0.05685865992438721,0.28002999897580594
11.950000000000001,-18.19903252714615,-16.933451723848172,-0.2764104991101006,11.999993109474518,-0.0012234623391270474,1.0372834057292834e-05,124.5608092674159,1.1218868662733466,-0.059780170974312874,0.278847997833509
12.0,-17.620208763400196,-17.091447502373263,-0.27199178847857874,11.999993591811302,0.019881588464152587,9.646735674451178e-06,125.05998828717476,1.091968652479089,-0.05518911121683567,0.2734580011747312
12.05,-17.04320500933713,-17.25596592146452,-0.2745532969042399,11.999994040384511,-0.01152628317072064,8.971464177065512e-06,125.55350186796827,1.055752445490687,-0.05604112449751053,0.2759220005827956
12.100000000000001,-16.465717454847294,-17.418778058183143,-0.2746625917498231,11.999994457557595,-0.0004918269926276787,8.343461684745533e-06,126.28299577129185,1.0229337904134321,-0.05076495467499731,0.27468100233818404
12.15,-15.891549587515563,-17.592935891356138,-0.2834811916461648,11.999994845528564,-0.0396629049694363,7.759419367658892e-06,126.76217204075817,0.9816358027539559,-0.05417949802566602,0.27570200109039433
12.200000000000001,-15.316102925273078,-17.762820709084316,-0.2850753566773494,11.999995206341564,-0.007173622449913562,7.216260010878272e-06,127.47051736755242,0.9489397150643486,-0.04512241002122863,0.2779259993985761
12.25,-14.74682026065714,-17.952338466251515,-0.30121166798656374,11.999995541897656,-0.07248620692540508,6.711121809743758e-06,127.93612988753563,0.901854287963614,-0.05260383104230559,0.28018000011797994
12.3,-14.174412421744671,-18.132196791578675,-0.30264881851494474,11.999995853964819,-0.006467089452412006,6.241343281843114e-06,128.625425147147,0.871458328407167,-0.03904793668005535,0.27455999952508137
12.350000000000001,-13.611648798644193,-18.340275798607486,-0.3255609620042259,11.999996144187282,-0.10274163763491156,5.804449253332677e-06,129.07947049793216,0.8197346769048716,-0.050856387042770734,0.27879800109076314
12.4,-13.043246516339215,-18.53241801238721,-0.32574710187752043,11.999996414094172,-0.0008376294842297183,5.398137805201486e-06,129.75352849211836,0.7934699937687053,-0.033196297440595934,0.27429000328993425
12.450000000000001,-12.48791111386046,-18.759579608305714,-0.35357855057701615,11.99999666510758,-0.12459282521029535,5.020268159583452e-06,130.42084171917688,0.7392363643283641,-0.04240220736348821,0.2750710009422619
12.5,-11.929043801064275,-18.977907665597943,-0.3619580928500996,11.999996898550048,-0.03769009302727307,4.668849389233287e-06,130.8629723821128,0.7050325111741084,-0.03832332659616178,0.2877340011764318
12.55,-11.373833833662637,-19.2053757271736,-0.3739076476508223,11.999997115651544,-0.05372127038779175,4.342029932757895e-06,131.52362810112893,0.6703334234785128,-0.0321363165374251,0.27365799905965105
12.600000000000001,-10.824738779510557,-19.44723200796676,-0.3921344771085109,11.999997317555936,-0.08183756086599753,4.038087838509341e-06,132.18314623399831,0.6293823466909102,-0.03361831480818367,0.2749410014075693
12.65,-10.275978278815755,-19.68984644116649,-0.4028662142569721,11.99999750532702,-0.04825533685646251,3.755421689888294e-06,132.62323154856298,0.5968550126818749,-0.034346069850040184,0.2839879998646211
12.700000000000001,-9.726907252639567,-19.93175731113948,-0.408256809260767,11.999997679954129,-0.024252925861898852,3.492542172267576e-06,133.28543998070276,0.5723038546234398,-0.026991366249170312,0.27554200278245844
12.75,-9.183270733044068,-20.185645485546136,-0.42099763674729473,11.99999784235734,-0.05727103594809009,3.2480642193633003e-06,133.95174982184807,0.5407893539981223,-0.030233226617359055,0.27640299958875403
12.8,-8.6366304852723,-20.433000127951672,-0.42274575188329777,11.999997993392325,-0.00786635716780313,3.0206997241322142e-06,134.39902491615916,0.5212656694755393,-0.027695145885004102,0.3013399982592091
12.850000000000001,-8.09057748696693,-20.68164849628136,-0.424769354884587,11.999998133854863,-0.009105963229107774,2.809250744562064e-06,135.07553253986424,0.5029017789803768,-0.026631907057580673,0.27879799745278433
12.9,-7.543156228971286,-20.927269875976968,-0.4234329161603494,11.999998264485022,0.006013902626144969,2.6126031919204703e-06,135.75969311525034,0.48875440604667125,-0.026441057087474906,0.2781270013656467
12.950000000000001,-6.992909315731374,-21.166494117282525,-0.41750977448915094,11.99999838597107,0.02664783170992873,2.4297209691326313e-06,136.2204421798567,0.480317939060767,-0.02370749468479927,0.30048800181248225
13.0,-6.441915069195337,-21.403992012476095,-0.41282586169534774,11.999998498953095,0.02107448968766818,2.259640502089155e-06,136.91889856906897,0.47079998635184805,-0.027489506322559976,0.2761529976851307
13.05,-5.88429104877246,-21.62547647714352,-0.39737898790573745,11.999998604026379,0.06939930994059368,2.1014656663709275e-06,137.62634835692532,0.47385430766847403,-0.024910987690193398,0.2730669984885026
13.100000000000001,-5.323666953236518,-21.839253336530085,-0.38267160659416755,11.999998701744532,0.06608684389551549,1.9543630696006176e-06,138.10296697495164,0.4773772747620791,-0.02119348971135082,0.2824949988280423
13.15,-4.76180192112469,-22.049747073366415,-0.371904229189445,11.999998792622415,0.048415338449336445,1.8175576546042291e-06,138.8251766847701,0.4766615328852099,-0.03044323589642728,0.27457000032882206
13.200000000000001,-4.189557472212198,-22.23012507456715,-0.34228223979987416,11.999998877138847,0.13251776386241884,1.6903286184088982e-06,139.31130405491479,0.4961828891629049,-0.01646007810000283,0.27080300060333684
13.25,-3.621131095709378,-22.42219639423832,-0.3349805804473993,11.999998955739127,0.03284565314485724,1.5720056147472404e-06,140.04700424941458,0.4926523083139747,-0.03594098248782496,0.27504999889060855
13.3,-3.0380558001819287,-22.563699544294504,-0.29177899361792825,11.999999028837388,0.19201208745811604,1.4619652226599555e-06,140.54147006383982,0.5265888640419353,-0.012738332489607984,0.27039199994760565
13.350000000000001,-2.4618431601865884,-22.730968606941275,-0.28766615804091034,11.99999909681877,0.018505648724620655,1.3596276563276887e-06,141.28849169713354,0.5205337178167585,-0.04171306386902707,0.266946000920143
13.4,-1.8697165657455126,-22.82785021385457,-0.23159965310171993,11.999999160041456,0.24714152716285281,1.2644537211059514e-06,141.78961730582088,0.5680445837087408,-0.009690591944204296,0.27370899988454767
13.450000000000001,-1.2855275178068082,-22.96468262740774,-0.2309236219138695,11.999999218838555,0.003042131158794509,1.1759419610513076e-06,142.29285813044226,0.5574273358921785,-0.03458896129673095,0.27621299886959605
13.5,-0.690655183938872,-23.04295690677017,-0.18628842879522667,11.999999273519856,0.19822078997161593,1.0936260228078252e-06,143.05095010349444,0.5881544441392496,-0.031078400971558562,0.2739789997576736
13.55,-0.09359919670844496,-23.10232110115289,-0.14744063319030243,11.999999324373466,0.17306624548032715,1.0170722010371945e-06,143.55799639739544,0.6160273434757951,-0.021419775792603346,0.27402900013839826
13.600000000000001,0.5035459884719102,-23.160781259517023,-0.12526572471349517,11.999999371667323,0.09945784940760397,9.458771479842198e-07,144.32017555740015,0.6245540720382372,-0.045571596604863984,0.2699920005397871
13.65,1.1034261936980356,-23.14879358597712,-0.06025390363943295,11.999999415650612,0.2846109518584458,8.796657471776825e-07,144.82886679831785,0.6786210185398267,-0.013072666317814452,0.2873539997381158
13.700000000000001,1.7028500798276887,-23.175079934725655,-0.05295133868558466,11.999999456555068,0.03284972258596047,8.180891438058779e-07,145.59192556716647,0.6722535805189357,-0.056866932233280654,0.29380599880823866
13.75,2.2972456541958826,-23.09326385533243,0.03240322727703404,11.999999494596214,0.36672092068043505,7.608229044109293e-07,146.10017985257528,0.7462079779718596,-0.007059927653275899,0.2732680004555732
13.8,2.8970966679192474,-23.07989474416074,0.0279055049062098,11.99999952997448,-0.020236988419108787,7.075653009280813e-07,146.86113401993023,0.7274133225024974,-0.06698046299027327,0.28345600003376603
13.850000000000001,3.4774638242289964,-22.927664859941142,0.13132013996207714,11.999999562876265,0.43555845891251843,6.580357290175698e-07,147.36708236301752,0.8182390705322429,-0.0018388128838364715,0.2766540019365493
13.9,4.074715530590072,-22.870303070766816,0.11550417227741505,11.999999593474927,-0.07105204881359148,6.119732283593748e-07,148.1233504006431,0.7865294143603918,-0.07690833193427782,0.32202800139202736
13.950000000000001,4.631498856261336,-22.646713478946563,0.23676697172687744,11.999999621931682,0.4995224779515278,5.691351024239566e-07,148.6254391597608,0.8930162966981657,0.0037142697641616707,0.291922999167582
14.0,5.222567435605169,-22.543573218057556,0.20827984861309723,11.999999648396464,-0.12749669911592992,5.292956451796726e-07,149.3749657760698,0.8457771739596012,-0.08726555466184083,0.30234199948608875
14.05,5.7521605098318425,-22.261560530201738,0.3365799049369307,11.999999673008713,0.5641748617955791,4.922449498678815e-07,149.8720162660943,0.9531565453574403,-0.00153562849923361,0.2761030009423848
14.100000000000001,6.3278626242120675,-22.09254261028783,0.3138854966830391,11.999999695898103,-0.10177200859766994,4.57787802332632e-07,150.61332312596275,0.9072417763640456,-0.0892316485869844,0.2862820001610089
14.15,6.824778480738497,-21.75627691985284,0.4421855534791934,11.999999717185235,0.5634729033724726,4.2574265641803776e-07,151.3492174452043,1.0126208717271037,-0.027019149156402023,0.28940700212842785
14.200000000000001,7.357680663538967,-21.48056829143249,0.45786441473740025,11.999999736982268,0.07043815180449553,3.9594067153814193e-07,151.8366856417778,1.0094679111324059,-0.055825472579024815,0.29492800240404904
14.25,7.85187325205755,-21.140312989083043,0.522812791942354,11.999999755393508,0.2843479351111799,3.6822482485376895e-07,152.56306610331802,1.0474631031860528,-0.05795582578120406,0.2819030014507007
14.3,8.322525501747545,-20.76817531803548,0.5882676888104283,11.999999772515963,0.28644660274080186,3.4244908810876493e-07,153.28354386709336,1.0883688167552934,-0.059627306184196094,0.2766030011116527
14.350000000000001,8.768669337391447,-20.366982514980215,0.6527729149164458,11.999999788439846,0.2825097073584244,3.184776517173304e-07,153.99800200281538,1.130024988712395,-0.06185148285366404,0.27924799724132754
14.4,9.188438747695015,-19.93827092151867,0.7168396181899586,11.999999803249057,0.28068874526486365,2.961842159976413e-07,154.4708973295363,1.1697973464191675,-0.041821858252220956,0.2785869983199518
14.450000000000001,9.617050150734379,-19.51839920991389,0.7427616348350288,11.999999817021623,0.11612427306393514,2.7545131970896363e-07,155.17498883647377,1.1614381659720125,-0.08093038327383528,0.2741290008998476
14.5,9.965281745483868,-19.029794312058748,0.8369490862746267,11.99999982983011,0.400890705647586,2.56169728274358e-07,155.87253981569498,1.2219505270464635,-0.05011810976420872,0.282845001493115
14.55,10.333637945886787,-18.556176639110152,0.8693714427013948,11.999999841742001,0.14487836920232894,2.3823784687238003e-07,156.56316573939972,1.221088069105864,-0.07893896277466617,0.27658399994834326
14.600000000000001,10.632856902283045,-18.036111251584373,0.9499385306557917,11.99999985282006,0.34781285942474427,2.215611981881693e-07,157.24632619913632,1.2681405467700453,-0.05701300291077471,0.27087399939773604
14.65,10.941890012050344,-17.52181704701377,0.9854743052089692,11.999999863122657,0.15856847014022765,2.0605191508593634e-07,157.92130074341696,1.2696692389221966,-0.07705443321019789,0.27690400020219386
14.700000000000001,11.195160379760829,-16.977892315821997,1.0524375059448552,11.999999872704072,0.2926805705672804,1.9162828053254087e-07,158.58717443177542,1.3017910410274105,-0.06214887121753554,0.2714649999688845
14.75,11.450364866404676,-16.43487236877241,1.0876309617751687,11.999999881614787,0.1570660849766321,1.782142998507652e-07,159.24283472880458,1.301119900771305,-0.07503773579830408,0.2690900000743568
14.8,11.663708450885487,-15.874083185250667,1.1410588658164027,11.999999889901751,0.23594733442103327,1.657392978415828e-07,159.8869809266867,1.317535822510139,-0.06525028993190718,0.28184400071040727
14.850000000000001,11.874708459312853,-15.31240802085387,1.1723935381697146,11.999999897608628,0.14008249259732425,1.541375482361218e-07,160.5181469169134,1.3106848729967895,-0.07262186790958403,0.2679680001165252
14.9,12.057342419724062,-14.74087951693558,1.2121008500448625,11.999999904776024,0.17681688539122858,1.4334792055592514e-07,161.1347378889141,1.3111400702365132,-0.06614930605774294,0.26836800316232257
14.950000000000001,12.237575060478171,-14.168589214821957,1.2359442795854267,11.999999911441702,0.1068865151532125,1.3331356676360426e-07,161.93129325423607,1.295397155984873,-0.0770487956903878,0.27106299967272207
15.0,12.388855235122136,-13.58797376220453,1.27156137256239,11.999999917640782,0.15892525782495254,1.2398161786109085e-07,162.50736387240508,1.2938167061122463,-0.05938066910940609,0.267897001322126
15.05,12.565526862374611,-13.014574135828372,1.2717178886137557,11.999999923405927,0.0007043221191789101,1.1530290535688436e-07,163.0633847091015,1.2558450737349358,-0.06927445826948553,0.2717139977903571
15.100000000000001,12.72657419376074,-12.436591650990417,1.2838693816941333,11.999999928767512,0.054627315661093266,1.0723170262849634e-07,163.77124943065888,1.229875537783008,-0.05645925281076192,0.2932349998445716
15.15,12.919422573718231,-11.868428383634107,1.2659506318050893,11.999999933753786,-0.0804602946089554,9.972548369319156e-08,164.2757875344171,1.1738565935533418,-0.061783741165984285,0.27136400240124203
15.200000000000001,13.117781518388508,-11.302165436433114,1.2516827579262682,11.99999993839102,-0.06411742487111197,9.274469938702622e-08,164.91269842071955,1.1232121267686015,-0.040625305847108883,0.27117399804410525
15.25,13.381209987915696,-10.76308711373336,1.1911233628297229,11.99999994270365,-0.2660565832532295,8.62525709521833e-08,165.3641613184125,1.026121911318205,-0.05899239995343386,0.2836169987858739
15.3,13.64438984086403,-10.2238873717036,1.157993716149024,11.999999946714393,-0.14799340746950831,8.021489108500645e-08,165.93416417571817,0.9631291713769629,-0.013451782476961771,0.2721450000535697
15.350000000000001,14.02808513163955,-9.762608799836935,1.0296936568589397,11.999999950444385,-0.5291143562123652,7.459984985302981e-08,166.4741811273185,0.8058780034082021,-0.03818348801520077,0.2708530009840615
15.4,14.423927796618074,-9.311711270660407,0.9491088791163786,11.999999953913278,-0.3478832110910427,6.937786061200768e-08,166.86584604673772,0.6964199846596213,-0.027799812555723946,0.3258050019212533
15.450000000000001,14.869398917593612,-8.909771626179847,0.8520366599164708,11.999999957139348,-0.4118437337033787,6.452141079194006e-08,167.381353805571,0.5891431598590217,0.005888133792665062,0.27905800016014837
15.5,15.374214899042016,-8.585486531729517,0.7237366005227281,11.999999960139593,-0.6283191502611372,6.000491268309815e-08,167.9037199218137,0.46225023847057795,0.006927416321540036,0.27294699975755066
15.55,15.916373458816226,-8.328457167960813,0.5954365410991533,11.999999962929822,-0.5640842624725088,5.580456914344722e-08,168.44886224826752,0.33202440761527086,-0.005505370350964878,0.28365699836285785
15.600000000000001,16.46873572222377,-8.094158367505543,0.5079942004788918,11.999999965524735,-0.3748822033268171,5.189824925366793e-08,169.03071248071905,0.2389775943840647,0.002323855184398038,0.2685289982764516
15.65,17.035467038021864,-7.897141582002279,0.43013380138381674,11.999999967938002,-0.33700600313176343,4.826537143287623e-08,169.65982478469493,0.1544002111373806,-0.002691975008201286,0.2700420009205118
15.700000000000001,17.604064660686156,-7.705577645648233,0.38321788439782845,11.999999970182342,-0.20806620394709147,4.488679650194172e-08,170.166874624429,0.10001164261666255,-0.008818238887458474,0.2781769981083926
15.75,18.171223972710564,-7.509796356654178,0.36060777173566105,11.999999972269578,-0.10139657711213512,4.174472074680579e-08,170.8927710513391,0.07344060564878845,0.00680971002402897,0.2967809996334836
15.8,18.747697679371328,-7.343429100316153,0.32513400917845603,11.999999974210708,-0.15829636079235415,3.882259136389621e-08,171.4750044593748,0.032856030130572034,-0.010384826629944666,0.3261759993620217
15.850000000000001,19.314947875566936,-7.147911291723174,0.328152018239082,11.999999976015959,0.013580205908827817,3.6105009471043556e-08,172.08899504484643,0.032576332144664204,0.0033519669266364183,0.3457530001469422
15.9,19.888554172850714,-6.971911819058947,0.31461839660294055,11.999999977694841,-0.060826170935073316,3.357765798739365e-08,172.7333811190774,0.01707929018968742,-0.0059804193722916565,0.3216879995306954
15.950000000000001,20.455641591588165,-6.775922384994077,0.3226804237130878,11.999999979256202,0.03626321806178601,3.122722205262107e-08,173.17891698108036,0.024379078010294,0.001697404786788148,0.35654300154419616
16.0,21.02555293756348,-6.588302938850816,0.3206150136261572,11.999999980708267,-0.009294077789769215,2.9041316906841527e-08,173.86939391777702,0.02194662757484736,-0.00518019802698122,0.30686999889439903
16.05,21.589009198918678,-6.382106332518063,0.334040235927616,11.99999998205869,0.060340162097681505,2.700842571812245e-08,174.3433320855344,0.03584518474882467,0.0024754670747277885,0.29356500090216286
16.1,22.154858574193327,-6.18257066277412,0.3362517943165644,11.99999998331458,0.009951684226029253,2.511783492309405e-08,175.07248227710605,0.0381186114585187,-0.007439560883796492,0.29343499772949144
16.150000000000002,22.710967549874532,-5.95730902326185,0.35787568529688274,11.99999998448256,0.0970021158143167,2.335958697585738e-08,175.5693806059712,0.06100369703726256,0.0039602312829249975,0.2900279978348408
16.2,23.271460021611343,-5.743187122792777,0.36100429362753506,11.999999985568781,0.01407780742929992,2.1724415688595398e-08,176.328483433032,0.06498674060634378,-0.011215942703738158,0.2935959964815993
16.25,23.81687377457357,-5.493139452788838,0.3916565494452664,11.999999986578967,0.13707021429853689,2.0203706441179747e-08,176.84226081427698,0.09798548197818344,0.005364996559691804,0.2850799974112306
16.3,24.37014286778558,-5.260990126389935,0.394157779203137,11.99999998751844,0.011255058648144245,1.878944644317926e-08,177.36102597123622,0.1015490774086409,-0.007628906023223081,0.29016899861744605
16.35,24.910159191717195,-4.999489898491532,0.41943235439840354,11.99999998839215,0.11324894037434834,1.7474184943466752e-08,178.14632595792997,0.12741696654210274,-0.008165869140976945,0.30885399974067695
16.400000000000002,25.44259358219693,-4.722878945731604,0.4460017036246815,11.9999999892047,0.11899719195365643,1.6250990952926258e-08,178.6731862740633,0.15663023922847466,-0.00046536264721419585,0.3422560002945829
16.45,25.97602735046061,-4.448200198330869,0.45912330476606256,11.99999998996037,0.05897872426741908,1.5113420914758535e-08,179.2015884291814,0.17072733932737993,-0.007510847444212487,0.3212669980712235
16.5,26.4980055156078,-4.152330641685785,0.48428101314083793,11.999999990663145,0.11272972510789656,1.4055481400987446e-08,179.73061149086806,0.19499973188347433,-0.0037993459986620515,0.34421000236761756
16.55,27.016850639790295,-3.8510006952963565,0.5029048545527965,11.999999991316725,0.08361189783160776,1.3071596782765482e-08,180.5234038099698,0.21158893702827275,-0.019712879907820557,0.2998570016643498
16.6,27.50986186799753,-3.509035889538414,0.5490831193072618,11.999999991924554,0.2048862875290906,1.2156584361378008e-08,181.0502511367039,0.25863416699164865,0.0018767889280120187,0.3052469983231276
16.650000000000002,28.01596931082682,-3.186770074003802,0.5570500716149036,11.999999992489835,0.0358359371804995,1.1305624525448365e-08,181.5748822242572,0.26506460781610275,-0.01598582951634464,0.28961800126126036
16.7,28.495989321826826,-2.826796757464249,0.5955438710756469,11.999999993015546,0.17152007523404614,1.0514230908142963e-08,182.35621893210157,0.3005278967947453,-0.018543911738265084,0.28215400016051717
16.75,28.958719253330926,-2.4448530311111654,0.6376704246454952,11.999999993504458,0.1873464047722327,9.778235465773831e-09,182.87251769251358,0.342334066105944,-0.005307319504781027,0.29355500009842217
16.8,29.425870664648876,-2.0683300457023113,0.6557768745025228,11.999999993959147,0.08129943072962678,9.093758635003724e-09,183.38455992128465,0.35677861562043645,-0.01729030679802701,0.2826850031851791
16.85,29.86828625502763,-1.6630296076902886,0.694033923887194,11.999999994382007,0.17048555115473846,8.457194411448653e-09,184.14376591668074,0.3883009246589692,-0.026366236300864543,0.2772050029307138
16.900000000000002,30.28061897406174,-1.2271606726875097,0.7472214453603727,11.999999994775266,0.2349244711727148,7.865190454481307e-09,184.6435470727725,0.4375615952296611,-0.006153447192526418,0.2827259995683562
16.95,30.70531106950562,-0.8033250633105409,0.7637478734764018,11.999999995140996,0.07423227474047049,7.314628192034433e-09,185.3831657344124,0.4464045698308053,-0.04110775492479757,0.2761530013231095
17.0,31.06079631888684,-0.3199719447716842,0.8413766090447949,11.999999995481126,0.3360771979904332,6.802605412303819e-09,185.8693869867203,0.5182805486124217,0.0009403218116883494,0.27676399986376055
17.05,31.459371392868952,0.1285120684863153,0.8426538440076556,11.999999995797447,0.005747494047075724,6.326423829250416e-09,186.58840783968978,0.5086110233059074,-0.0528561104014349,0.2792490013234783
17.1,31.75410765054957,0.6511309910043606,0.9395439740326763,11.999999996091626,0.41115542510013203,5.8835741612028866e-09,0.4699589584330298,0.5978801982022387,-0.012800467412115601,0.2790990001813043
