time_s,x_m,y_m,yaw_rad,speed_mps,steer_rad,accel_mps2,progress_m,lateral_error_m,heading_error_rad,compute_ms,reward
0.0,32.01082150391946,0.006977474463766401,0.9158803347392528,0.15000000000000002,0.5235987755982988,3.0,0.0,0.0020801257358439565,0.0016037507477486557,0.7133139988582116,-0.15065315184409928
0.05,32.01629997111329,0.020941227440888905,0.919087836234751,0.30000000000000004,0.5235987755982988,3.0,0.0,0.006263484355685638,0.004811252243246855,0.21832899801665917,-0.15101573557984752
0.1,32.024450446609315,0.041913107404037434,0.9238990884779978,0.45000000000000007,0.5235987755982988,3.0,0.0,0.012607795222305053,0.00962250448649371,0.14265700156101957,-0.0715603039128384
0.15000000000000002,32.035183087338325,0.06992757550503742,0.9303140914689934,0.6000000000000001,0.5235987755982988,3.0,0.0,0.021205258778226144,0.01603750747748922,0.13405000208877027,-0.07228777884749715
0.2,32.04837397262517,0.10503100190972386,0.9383328452077384,0.7500000000000001,0.5235987755982988,3.0,0.0,0.03218233789236596,0.024056261216234276,0.14901800022926182,-0.07319942501251306
0.25,32.06386474680635,0.1472806872963358,0.9479553496942321,0.9000000000000001,0.5235987755982988,3.0,0.2356322742179599,0.047300218834457244,0.014729213338402047,0.1442499997210689,1.8126402947095284
0.30000000000000004,32.081462181565584,0.19674360562809798,0.9591816049284745,1.0500000000000003,0.5235987755982988,3.0,0.2356322742179599,0.06260243960879813,0.025955468572644413,0.13052400026936084,-0.0736935467653184
0.35000000000000003,32.10093767207615,0.253494863494094,0.9720116109104664,1.2000000000000002,0.5235987755982988,3.0,0.2356322742179599,0.08073390486301402,0.03878547455463632,0.12550499741337262,-0.07515786201605976
0.4,32.12202668426159,0.31761587069955,0.986445367640207,1.35,0.5235987755982988,3.0,0.2356322742179599,0.10195563824707013,0.05321923128437689,0.12643700029002503,-0.07681345502287436
0.45,32.14442817378108,0.3891922164242961,1.0024828751176962,1.5,0.5235987755982988,3.0,0.4699589584330298,0.12799059831114704,0.05013843367290427,0.1481969993619714,1.7978477488581914
0.5,32.16780400071495,0.4683112452047213,1.020124133342935,1.65,0.5235987755982988,3.0,0.4699589584330298,0.15481570677311507,0.06777969189814304,0.17511799887870438,-0.07879810176951142
0.55,32.19177836736687,0.5550593272794238,1.0393691423159224,1.7999999999999998,0.5235987755982988,3.0,0.4699589584330298,0.18557626930980212,0.08702470087113046,0.17426599879399873,-0.08103020829217704
0.6000000000000001,32.21593731010245,0.6495188185224908,1.0602179020366584,1.9499999999999997,0.5235987755982988,3.0,0.7030067372177065,0.22163894751339627,0.08860140871244537,0.13120500079821795,1.7828337244190686
0.65,32.23982827969434,0.7517647063222401,1.082670412505144,2.0999999999999996,0.5235987755982988,3.0,0.7030067372177065,0.2595729621765576,0.111053919180931,0.13479199697030708,-0.08417309705182466
0.7000000000000001,32.26295984821649,0.8618609393990598,1.1067266737213783,2.2499999999999996,0.5235987755982988,3.0,0.9348058896097848,0.30403248817814027,0.11570018720218744,0.12753900227835402,1.7693109000226608
0.75,32.28480158409205,0.9798564417453028,1.1323866856853613,2.3999999999999995,0.5235987755982988,3.0,0.9348058896097848,0.3504015789396892,0.14136019916617037,0.12874099775217474,-0.08811201121797992
0.8,32.30908857142281,1.1050219012235296,1.1561758529833623,2.5499999999999994,0.466659538448618,3.0,1.1653900693692945,0.4000364052810599,0.14561799019673893,0.12487300045904703,1.7567780842346201
0.8500000000000001,32.33483467546721,1.2375441187062421,1.178824957472128,2.6999999999999993,0.42533106501276324,3.0,1.1653900693692945,0.4486468945006592,0.1682670946855045,0.12726799832307734,-0.08981979971381229
0.9,32.364069061480194,1.3770131140939044,1.1986169290784705,2.849999999999999,0.3587757357332948,3.0,1.3947960747822974,0.4986185693630994,0.1684235607883937,0.1335989982180763,1.746243986816887
0.9500000000000001,32.394947752960725,1.5238003969642206,1.2171000907642249,2.999999999999999,0.32117766438842243,3.0,1.6230636093926343,0.5498184429653531,0.1671849698156298,0.12930100274388678,1.73750004218371
1.0,32.427609767304304,1.6778764912131976,1.2341127814800705,3.149999999999999,0.2837751793390758,3.0,1.6230636093926343,0.5981631800678656,0.18419766053147546,0.12372100172797218,-0.0900769014406077
1.05,32.46416266030669,1.8387767274254425,1.248019824179325,3.299999999999999,0.22375905486278277,3.0,1.8502350351575794,0.6468406650522409,0.1783151366460194,0.12233899906277657,1.7285963047071806
1.1,32.50262419583886,2.006934273448533,1.2605721076248901,3.449999999999999,0.19399954045574633,3.0,2.0763551196243664,0.6951299960288374,0.17102893774646288,0.12708800204563886,1.7210264911902464
1.1500000000000001,32.54307084961675,2.182331161100999,1.2717428464971192,3.5999999999999988,0.1660187939929631,3.0,2.3014707788097257,0.7424395850064393,0.1623315471185527,0.12077599967597052,1.713947347041096
1.2000000000000002,32.585548781222464,2.3649561192159836,1.2815536181251863,3.7499999999999987,0.14034632159906008,3.0,2.3014707788097257,0.7857058582802268,0.17214231874661978,0.12706699999398552,-0.08787821688944544
1.25,32.632326242522915,2.5542624030902514,1.288346919512323,3.8999999999999986,0.09378515794160638,3.0,2.5256308175300504,0.8268059864498011,0.15905738075902454,0.12269999933778308,1.7072308086633645
1.3,32.68109278024905,2.7508026656274867,1.2942353863498939,4.049999999999999,0.07835216023054321,3.0,2.7488856689741104,0.8655646547431138,0.1450771964558042,0.12611599959200248,1.7013084021548572
1.35,32.731779604800764,2.954593847519305,1.2993375535615392,4.199999999999999,0.0655054378367995,3.0,2.9712871353305768,0.9015517010568916,0.1303400470998186,0.13567399946623482,1.6958521003744442
1.4000000000000001,32.7842708122416,3.1656647435267913,1.303803648466059,4.35,0.05538447902395466,3.0,3.1928881312781447,0.9343948677053848,0.11501583867776288,0.12308000077609904,1.6908547454552345
1.4500000000000002,32.83839994846732,3.3840566770121137,1.3078103476728211,4.5,0.048043392255367176,3.0,3.4137424321156464,0.9637859471966641,0.09930074111396303,0.1378880006086547,1.686305605271543
1.5,32.893947094573655,3.609823735192535,1.3115550934796136,4.65,0.043459987989610725,3.0,3.8534288877028406,0.9910336039916796,0.06388375354993148,0.1249939996341709,3.440323733542852
1.55,32.947909560854626,3.843678502586477,1.3173275564449316,4.800000000000001,0.06484914937975099,3.0,4.072370728104076,1.0148922281888668,0.050253287086058585,0.12180799967609346,1.6750634892317928
1.6,33.00262584107256,4.085054513571647,1.3229303643531782,4.950000000000001,0.061045597483690275,3.0,4.290784799685773,1.034709916788408,0.03659546354495813,0.13337899872567505,1.6720850151815234
1.6500000000000001,33.057727446646666,4.334030040608252,1.3286106979481342,5.100000000000001,0.06007234344280054,3.0,4.508725680425551,1.0504577378345106,0.02317431158429928,0.12405200322973542,1.6695035905125895
1.7000000000000002,33.112791627442256,4.590689710196816,1.3346107533678904,5.250000000000002,0.06163668270666713,3.0,4.9434036849259915,1.0634483984811933,-0.008488078060609805,0.13921999925514683,3.4047080105585206
1.75,33.16430243645815,4.855730530740611,1.3434621466145682,5.400000000000002,0.08828385255396479,3.0,5.16024695117214,1.0729991634957547,-0.01816850899207534,0.12837000031140633,1.6604336103839443
1.8,33.21468593968644,5.128618332964245,1.352668835792075,5.5500000000000025,0.08934014182503372,3.0,5.376829002195698,1.07880431362535,-0.02727637760974666,0.1218979996338021,1.6573539244547324
1.85,33.26341825166679,5.409421042653895,1.3624486912688987,5.700000000000003,0.09238750551424893,3.0,5.809410811143467,1.0814781196877776,-0.0534276785546961,0.12312000035308301,3.3826491724195207
1.9000000000000001,33.306596707346735,5.698716516115018,1.375505091080056,5.850000000000003,0.11994211759444368,3.0,6.025508154207841,1.082171900515094,-0.057967817525686804,0.12107600196031854,1.6497614014053819
1.9500000000000002,33.34688074331288,5.995999540262511,1.3889892188455137,6.0000000000000036,0.12076659481722939,3.0,6.4575494750332485,1.0802833251121213,-0.07889794456236299,0.11900299796252511,3.3752226069995612
2.0,33.38025614972803,6.30168292588663,1.405659181515098,6.150000000000004,0.14533834424160255,3.0,6.673582587115395,1.077005471703606,-0.07903324446379179,0.1218170000356622,1.6466847506089255
2.0500000000000003,33.40954522494182,6.615318303472005,1.4224933037542336,6.300000000000004,0.14330339788553778,3.0,7.105885073511005,1.071305724270095,-0.094984457393811,0.12067499847034924,3.3753423202250876
2.1,33.430628279732225,6.937128425750197,1.4423384883088088,6.450000000000005,0.16464177846331052,3.0,7.538766092056405,1.0664295088370872,-0.10681061805771641,0.12058599895681255,3.3784099558997913
2.15,33.44307861881731,7.266893477046824,1.464575669717302,6.600000000000005,0.17997197399510742,3.0,7.75551645558633,1.0601983661422894,-0.09999087066880108,0.12040500223520212,1.6498023980311918
2.2,33.44990380659671,7.604324457858865,1.4861279501179796,6.750000000000005,0.17073953310688628,3.0,8.189809073586026,1.0525773780302445,-0.10844642943015703,0.12015399988740683,3.3895557366121194
2.25,33.447088082659505,7.94931296737579,1.5099195486655894,6.900000000000006,0.18408708843090327,3.0,8.625369522089121,1.0461125513761984,-0.11358563475346095,0.1298930001212284,3.3989821572670333
2.3000000000000003,33.43437206195847,8.30158353500461,1.5353161042703611,7.050000000000006,0.19212737982131264,3.0,8.843699251333502,1.0390717620733365,-0.10226414032286124,0.13627500084112398,1.662178154705603
2.35,33.415004132647816,8.661062162066385,1.5591945562825549,7.200000000000006,0.17720979740793688,3.0,9.281593881160417,1.0306271501294233,-0.10579064968769103,0.139670999487862,3.418727506197092
2.4000000000000004,33.38500333132212,9.027335559844351,1.5846744089640152,7.350000000000007,0.18505707723864007,3.0,9.721302137051246,1.0235641806095614,-0.10677964890037206,0.12612600039574318,3.433051298885734
2.45,33.34423806002024,9.400113231728927,1.6111554620505482,7.500000000000007,0.18840233005994284,3.0,10.163007806009286,1.0177776678127044,-0.10591091470335634,0.16477800090797246,3.4491084369146576
2.5,33.292633191451785,9.779116117654658,1.6381443128085111,7.6500000000000075,0.1882536819786298,3.0,10.606877815605383,1.0131248251060918,-0.10376792337855623,0.15078200158313848,3.4666869625402854
2.5500000000000003,33.23014414183213,10.164077308786482,1.665255973916791,7.800000000000008,0.18553739810688458,3.0,10.829672483379195,1.0080202410547838,-0.08882233043505217,0.12885099931736477,1.6996841587743032
2.6,33.16019683719447,10.55537466959272,1.6895819854127971,7.950000000000008,0.16375371306801267,3.0,11.277069892775922,1.001331132950322,-0.08837977626080917,0.12210899876663461,3.4970529119568705
2.6500000000000004,33.07886983201601,10.95212511789581,1.7146590695015345,8.100000000000009,0.1656486406088746,3.0,11.726987827083152,0.9957386778271328,-0.08667869081115365,0.12848999904235825,3.5174052457862754
2.7,32.98606441849017,11.354049744188226,1.7400978584644502,8.250000000000009,0.16499472012855707,3.0,12.179549059671492,0.9911118430111557,-0.08422087672515799,0.1237519973074086,3.538856760201528
2.75,32.88168850876345,11.760873624348571,1.7656175567128454,8.40000000000001,0.16260672287602917,3.0,12.634867583210104,0.9872924413802884,-0.08140206036181752,0.1260960016224999,3.5612829234013885
2.8000000000000003,32.765636002597205,12.172319934105426,1.7910358591291704,8.55000000000001,0.1591784699345811,3.0,13.093050090782432,0.9841091036611632,-0.07852037540193324,0.12221900033182465,3.584583362603128
2.85,32.63777052722126,12.588102834435494,1.8162561413636578,8.70000000000001,0.15527950847194802,3.0,13.554197347190772,0.9813879189660357,-0.07578765805072152,0.12131699986639433,3.6086798161025513
2.9000000000000004,32.49791369012378,13.00791983637454,1.841253103247591,8.85000000000001,0.1513573275735608,3.0,14.018405472486181,0.9789596917183084,-0.0733423768726369,0.12344100105110556,3.633514021207353
2.95,32.34583680881809,13.431443887843091,1.8660586253699796,9.00000000000001,0.1477485622444758,3.0,14.485767164674494,0.9766649641833565,-0.07126244042024066,0.1285899998038076,3.6590456725777525
3.0,32.181255897127315,13.858315500282982,1.890748406996881,9.150000000000011,0.14469191390185085,3.0,14.956372889992247,0.9743571089835378,-0.06957731701050562,0.13109499923302792,3.685250661473104
3.0500000000000003,32.00382953399712,14.288135096935335,1.9154298552327038,9.300000000000011,0.14234242845539902,3.0,15.43031206730433,0.9719039545729313,-0.06827899880321908,0.12210899876663461,3.7121196305015047
3.1,31.81315925675226,14.720455690216951,1.9402314883240095,9.450000000000012,0.14078602405919435,3.0,15.907674268368758,0.9691883936796593,-0.06733154902590277,0.1218979996338021,3.739656849194857
3.1500000000000004,31.608792265562297,15.154776001636947,1.9652938629205163,9.600000000000012,0.1400529109468525,3.0,16.388550448380972,0.9661082685460738,-0.06667922418765393,0.122129000374116,3.7678793767745447
3.2,31.390226264772913,15.590534137876462,1.9907619431211394,9.750000000000012,0.1401295132385978,3.0,16.87303421188226,0.9625757727387592,-0.06625325531812498,0.16128100105561316,3.7968164344863315
3.25,31.156916139181213,16.027101870646977,2.0167789057819103,9.900000000000013,0.14096942327184106,3.0,17.60673886660105,0.9598639721422737,-0.07912804677709495,0.15428899860125966,5.789306404885742
3.3000000000000003,30.903631146832748,16.461098371382914,2.0474816878394737,10.050000000000013,0.1634975814695797,3.0,18.10068021410902,0.9601627155857378,-0.0753178818402942,0.12920099834445864,3.871127413094485
3.35,30.634960513330206,16.894591267164774,2.077066075942959,10.200000000000014,0.1553610573773587,3.0,18.598596364641768,0.9591857384696656,-0.07344718667696615,0.14727499728905968,3.9032854070620515
3.4000000000000004,30.350331842006543,17.326786558046717,2.1062953366907387,10.350000000000014,0.151334513853754,3.0,19.100608773813956,0.9568209694883768,-0.07278245778212966,0.1449410010536667,3.9362261276273345
3.45,30.049098708621393,17.756767487101673,2.1357560035409673,10.500000000000014,0.15036834813859767,3.0,19.606848321999976,0.9530532617230966,-0.0727556035932797,0.16624099953332916,3.9701029255488285
3.5,29.73058537145908,18.183505701994278,2.165881822024364,10.650000000000015,0.15157895771201235,3.0,20.11745618241032,0.9479325028764489,-0.07293992052005605,0.2855640013876837,4.005057987047728
3.5500000000000003,29.394125246965892,18.605873532949747,2.196976873991435,10.800000000000015,0.15424037630411272,3.0,20.89189429480931,0.9428240567275864,-0.08894075665016477,0.1594379973539617,6.114097775433542
3.6,29.03370631886872,19.0180075478882,2.234547740393319,10.950000000000015,0.18320343909764736,3.0,21.414112775818175,0.9415264604204984,-0.08382791169961124,0.21443099831230938,4.096285723514817
3.6500000000000004,28.654980920314802,19.423707033333,2.270518095949072,11.100000000000016,0.17323685520275656,3.0,21.94128055409797,0.9381818714151152,-0.08112927504205292,0.22392800019588321,4.136382742915932
3.7,28.257487063763712,19.821708143889417,2.3060365622026957,11.250000000000016,0.16886503180352577,3.0,22.47358758867874,0.9328536784732396,-0.0796552311523282,0.1699780004855711,4.177784916110136
3.75,27.840771503862804,20.21061448497487,2.3418688899076354,11.400000000000016,0.16812974967131172,3.0,23.282121311279347,0.9273846005039488,-0.09622691704326547,0.1726829977997113,6.386010648102067
3.8000000000000003,27.399130999096478,20.58271650667019,2.384605615029632,11.550000000000017,0.19721100064119162,3.0,23.828161629384134,0.9257870555341033,-0.08923081510770903,0.19618700025603175,4.286197372759356
3.85,26.938640521635946,20.943512183152286,2.4247540528742286,11.700000000000017,0.18322228928473808,3.0,24.38006344754368,0.9215792172635285,-0.08538864838505678,0.20558400137815624,4.333795442479534
3.9000000000000004,26.459124271851618,21.291535768836898,2.463927008008463,11.850000000000017,0.17664900434198805,3.0,24.93803956847999,0.9150257986122567,-0.08301504648143077,0.17278299856116064,4.382824224769373
3.95,25.960473131622525,21.625222808363798,2.5031060309070368,12.000000000000018,0.17451219207422775,3.0,25.786850172035177,0.9082502011935922,-0.09979245913036783,0.15000100029283203,6.707932836675034
4.0,25.438004684212775,21.935195341761915,2.5496294974852862,12.150000000000018,0.2038975427510811,3.0,26.36091349761532,0.906053896239179,-0.09096372316240098,0.1384290007990785,4.510271742507504
4.05,24.897720415073213,22.228994437268234,2.592533794188137,12.300000000000018,0.18617892864634944,3.0,26.94174565147352,0.9010203444977558,-0.08597441718458487,0.12525399870355614,4.5653260071292365
4.1000000000000005,24.339836608659695,22.505168129971878,2.633862056401039,12.450000000000019,0.177371334772807,3.0,27.529513073922367,0.8935862913488043,-0.08270364406276531,0.12768899978254922,4.62138572557554
4.15,23.764664360119326,22.76222237426482,2.6747733358353827,12.60000000000002,0.17356977634644896,3.0,28.424475085138514,0.886227066134407,-0.09898168102422922,0.13428100282908417,7.077464255438485
4.2,23.16916183408311,22.989781139168496,2.7230186518857327,12.75000000000002,0.2015585122925024,3.0,29.030148904362857,0.8839418639052754,-0.0888276896258251,0.13102500088280067,4.7636371959472585
4.25,22.558452960127067,23.19728938303207,2.7666314814070088,12.90000000000002,0.18057664680120453,3.0,29.643132035900578,0.8787196671122974,-0.08320118968821699,0.1389700009895023,4.823146203725798
4.3,21.933083574282612,23.383486539961307,2.8080962003146883,13.05000000000002,0.16992357591899424,3.0,30.26345334485704,0.8711105656202536,-0.07955745598181352,0.13182699694880284,4.882505148878938
4.3500000000000005,21.293687218442063,23.547108971607543,2.848753276027198,13.20000000000002,0.16481564335119525,3.0,31.207653031372956,0.8643636351445247,-0.09520349631775193,0.12846000026911497,7.472137193277079
4.4,20.639080453450283,23.677670195663524,2.8963527560554274,13.350000000000021,0.19020962295618438,3.0,31.846161310468943,0.8621655729073758,-0.08478439731446885,0.15339699893957004,5.027161944848252
4.45,19.972786273625232,23.785730669155274,2.938682695913684,13.500000000000021,0.1677289491287413,3.0,32.49175567500141,0.8569345914963316,-0.0793028017515871,0.1373170016449876,5.0849007111870135
4.5,19.29554137692847,23.870262319430132,2.978570166385774,13.650000000000022,0.15650611261636269,3.0,33.144251539058736,0.849283830704043,-0.07589676186950811,0.13567399946623482,5.140754275712312
4.55,18.608153855830526,23.93024894993083,3.0174769543846054,13.800000000000022,0.15108379700277175,3.0,33.803410709985535,0.8398701740855152,-0.0730748730307349,0.12919100117869675,5.1945455024304055
4.6000000000000005,17.911510755650163,23.96481252860975,3.0560617502553633,13.950000000000022,0.14826446128040807,3.0,34.80398758313544,0.8319882731644925,-0.08782098721211007,0.12497400166466832,7.92454771452076
4.65,17.206511223625636,23.964000220047705,3.101443320958829,14.100000000000023,0.17208279619061403,3.0,35.47840356739563,0.8288125351384267,-0.07743412769180935,0.1306449994444847,5.315854680037166
4.7,16.494446561635893,23.939097064716798,3.1411584953246052,14.250000000000023,0.14937852606282087,3.0,36.158217661023365,0.8226464492085797,-0.07224850785566161,0.14319799811346456,5.360073863222959
4.75,15.776164592954029,23.88938777517745,-3.1048843764047307,14.400000000000023,0.13839376678921964,3.0,36.84294626897551,0.814042301999653,-0.06915867625271277,0.13676600065082312,5.400004697636109
4.800000000000001,15.052566087436656,23.814145148874097,-3.068777043451191,14.550000000000024,0.13321297699995827,3.0,37.53205367625888,0.8036038260689748,-0.06661760965740582,0.15056099800858647,5.435497199500555
4.8500000000000005,14.3245898023219,23.712776868280415,-3.033042200530278,14.700000000000024,0.1305245314839828,3.0,38.224954033513264,0.7918382309277034,-0.06395511944203713,0.12923199756187387,5.466278473151884
4.9,13.593188805909058,23.584875216819984,-2.9974786319867657,14.850000000000025,0.12860828044919745,3.0,39.270018090894524,0.7807118932588691,-0.07706027425609063,0.12833000073442236,8.282427147082906
4.95,12.86118606506059,23.421559610124444,-2.9555108617096053,15.000000000000025,0.14994989895231897,3.0,39.9695317039257,0.7748550672119464,-0.06690349398372097,0.13346000196179375,5.518671006199894
5.0,12.127267065873562,23.234025206261276,-2.919500069479076,15.150000000000025,0.12765729787314647,3.0,40.67043151765358,0.7656437844105808,-0.06218906871352381,0.13485199815477245,5.530770019150114
5.050000000000001,11.392299596133828,23.021780492724343,-2.8860050697641677,15.300000000000026,0.11767150488859617,3.0,41.371941474767404,0.7535866858492802,-0.05946922070266947,0.12573500134749338,5.536243437884035
5.1000000000000005,10.65720728307311,22.784303038470167,-2.853417994403534,15.450000000000026,0.11340786720716338,3.0,42.4235738179923,0.74078950053752,-0.07204984211480081,0.12490299923229031,8.336177709238164
5.15,9.925583782277773,22.513882896683395,-2.8153058369218082,15.600000000000026,0.13116921412426913,3.0,43.123010627962636,0.7309550562340342,-0.06337111465197065,0.1357629989797715,5.519224433452669
5.2,9.194990878604408,22.219960697620238,-2.7824842869809765,15.750000000000027,0.11205960289416197,3.0,43.820112450935596,0.7171913980627248,-0.05942498059531198,0.12268999853404239,5.501458979685644
5.25,8.466342638639112,21.902003558377416,-2.7516279637172465,15.900000000000027,0.1044139482848157,3.0,44.85943772303264,0.7016246235566608,-0.07079811993255403,0.1277090013900306,8.238417839581844
5.300000000000001,7.743484666914058,21.553460013445736,-2.7163235365417115,16.050000000000026,0.1182273045275011,3.0,45.54678306114241,0.6869598272709718,-0.06289300944031861,0.1255349998245947,5.423239259570883
5.3500000000000005,7.023742500804518,21.181880662130368,-2.685512003451654,16.200000000000024,0.10234625597046462,3.0,46.56720931120941,0.6703599356476838,-0.07198223163910988,0.12395199883030728,8.08746125289618
5.4,6.310865765668478,20.781739423938426,-2.6519295391492546,16.350000000000023,0.110463063828092,3.0,47.239096744977694,0.6523013111965249,-0.0641522457705741,0.12196800162200816,5.299951971180683
5.45,5.602536832092001,20.35877947091874,-2.622182407363815,16.50000000000002,0.09704841713040238,3.0,48.23205638396591,0.6323752912642361,-0.07165787979249538,0.1229900008183904,7.868246602671242
5.5,4.902660239397353,19.907970193065978,-2.5895765895346385,16.65000000000002,0.10535703500435352,3.0,48.88280461362826,0.6113905308366617,-0.06289612662723743,0.22863800040795468,5.131475178627605
5.550000000000001,4.2089785765085175,19.43425535207851,-2.5602229124833693,16.80000000000002,0.09407261549251006,3.0,49.83989086104203,0.5885731151059123,-0.06766886858545451,0.18753100084722973,7.582155908990703
5.6000000000000005,3.5257182641427924,18.93284574352888,-2.527728997075125,16.950000000000017,0.10315300652724449,3.0,50.77158213562347,0.5684167936890212,-0.06710914687833691,0.13191600010031834,7.379072053896244
5.65,2.853100601818708,18.40501008697498,-2.4950783093468187,17.100000000000016,0.10274436474376919,3.0,51.675134797705844,0.5501403468116562,-0.06389278802835996,0.12820000119972974,7.154475727093179
5.7,2.191239406226372,17.851976627074873,-2.463399050088723,17.250000000000014,0.09884665944012686,3.0,52.54797658292421,0.5334222434752244,-0.05876861010213208,0.19889200120815076,6.909546265113132
5.75,1.539919921711764,17.27518989951292,-2.433352816759349,17.400000000000013,0.09297807188894701,3.0,53.38774379941532,0.5182370511876132,-0.05193157572355522,0.12887099728686735,6.645902642406881
5.800000000000001,0.8982630258712841,16.676622711955535,-2.4057575292102946,17.55000000000001,0.08470540668971195,3.0,54.19232196474098,0.5046308567588798,-0.04362660319727807,0.13072499859845266,6.365522245584155
5.8500000000000005,0.2643906944171549,16.059021815407522,-2.3817784556466863,17.70000000000001,0.07302640501241368,3.0,55.20725884638989,0.49307168949764457,-0.03803576584961821,0.12072599929524586,8.049300231611129
5.9,-0.36396976777188406,15.425208452060252,-2.362002571811957,17.85000000000001,0.05975497994524177,3.0,55.923265835563825,0.48339367976407216,-0.025399791438799557,0.12346999938017689,5.659486897851045
5.95,-0.9936614762235253,14.782177852238398,-2.351142747199222,18.0,0.032567954315545745,3.0,56.81597323118724,0.4748179645921692,-0.01307486213397846,0.14234699847293086,7.074952140041714
6.0,-1.6277924806046093,14.14352468401433,-2.3521419399823706,18.0,-0.002997569371272465,3.0,57.83169062991013,0.4676943386812481,0.01008549355730004,0.12021499787806533,8.05999374565311
6.050000000000001,-2.2815845324548647,13.525013606556996,-2.3733327074676596,18.0,-0.06348686836099278,3.0,58.566319851772874,0.46216455293632996,0.030867440479400265,0.1302740020037163,5.808055647957451
6.1000000000000005,-2.9630222058572135,12.937099754646706,-2.4109775213085913,18.0,-0.112457953536589,3.0,59.550621996702446,0.47543585744873196,0.10292472931240004,0.12295000124140643,7.797121168860116
6.15,-3.706629038235565,12.430099874133669,-2.499628324285493,18.0,-0.25993543511041917,3.0,60.28426041925692,0.4974873718962844,0.15116729014677688,0.11813099990831688,5.783817068999915
6.2,-4.51222439544502,12.02883173380532,-2.6208289362050845,18.0,-0.34874050782100985,3.0,61.10538351833526,0.5536182445320534,0.23144029063759897,0.22297699979390018,6.473329770961236
6.25,-5.3810139626738644,11.793874955068642,-2.7957805297848735,18.0,-0.4833331531087378,3.0,61.92384097972039,0.6096253649000852,0.2537841648701522,0.24084100004984066,6.446518357882845
6.300000000000001,-6.278525442265778,11.726993388095861,-2.9813132200646706,18.0,-0.5078947908433471,3.0,62.80284509080578,0.6482482921625958,0.21958214276535593,0.24386599761783145,6.933434295668118
6.3500000000000005,-7.176483452756496,11.787585560820995,-3.1357606801047977,18.0,-0.43389388733439754,3.0,63.614745965714356,0.6685015312337717,0.14750910128265282,0.25780199939617887,6.405093196081297
6.4,-8.066884174507903,11.918683061577388,3.0452927220852892,18.0,-0.29731404533671213,3.0,64.51427312755769,0.6808253535337504,0.09307034324852648,0.14380900029209442,7.114155725979721
6.45,-8.950961993365597,12.087225074748648,2.9837311707138383,18.0,-0.18262683871421267,3.0,65.30029453389183,0.6885336398735449,0.04981694539973436,0.12233900270075537,6.212651682960152
6.5,-9.83232906964357,12.269412003075619,2.953058157441747,18.0,-0.091760627562266,3.0,66.14438694100009,0.6945624359330785,0.023653844602100627,0.1208059984492138,6.68159303549532
6.550000000000001,-10.713626240779735,12.451936785358448,2.942599014795989,18.0,-0.031367136540474974,3.0,67.04324066436317,0.6997605619366257,0.00672604800484633,0.1275590002478566,7.122532233753939
6.6000000000000005,-11.596831837646336,12.62499132492188,2.9462695784438093,18.0,0.011011245893065739,3.0,67.9918206704003,0.7054098589511296,-0.0048996019298650495,0.12614600200322457,7.520875764596707
6.65,-12.483135770639946,12.781405321610343,2.9600333714177527,18.0,0.0412679359351773,3.0,68.98380335315152,0.7127428624487567,-0.013664552520582962,0.12812999921152368,7.866542219414462
6.7,-13.373009931084932,12.91603064824813,2.980981637650527,18.0,0.06276225967908504,3.0,69.75194263538268,0.7214499942577829,-0.013648558212820294,0.124684000184061,6.075279656891845
6.75,-14.265512545693172,13.031957706855923,3.001951417426742,18.0,0.06282654615116036,3.0,70.80209141234168,0.7260341594416578,-0.025279306189537554,0.12099699961254373,8.330145412535654
6.800000000000001,-15.161460545801456,13.117264102290074,3.0317805315715374,18.0,0.08924961255317379,3.0,71.60475530843932,0.7338671082855821,-0.023075603591020677,0.1258449992747046,6.349879945088109
6.8500000000000005,-16.05940559514968,13.178048050426181,3.0599459060282417,18.0,0.08429589105650398,3.0,72.68849738087086,0.73780279680934,-0.03561865237295159,0.14388899944606237,8.597310768425753
6.9,-16.959093699869246,13.201740121380736,3.0968630270743436,18.0,0.11030184635464188,3.0,73.50704851886485,0.7453560071366653,-0.03197026952875115,0.12071600212948397,6.475552480000605
6.95,-17.859077743269623,13.196380865396286,3.1306815846691585,18.0,0.10110970398311095,3.0,74.59991269363582,0.7489388273893413,-0.045995180241327205,0.11834199904114939,8.668802297790043
7.0,-18.75781109149003,13.148648603805894,-3.1097975765942794,18.0,0.1274242686770213,3.0,75.41669981695276,0.7551819836400634,-0.04171244037942401,0.13603399929706939,6.460025437287653
7.050000000000001,-19.65414916931329,13.06754342367475,-3.0707903460357002,18.0,0.11649187016731317,3.0,76.22792266389706,0.7550141054774734,-0.04326222455804851,0.18910400103777647,6.415576574640505
7.1000000000000005,-20.546340620835775,12.949245436243864,-3.030058868828364,18.0,0.12159164160278728,3.0,77.2966261815462,0.749724396912125,-0.0598659286220844,0.1683349983068183,8.47371247152974
7.15,-21.42998280379925,12.778434158842325,-2.9770040990554447,18.0,0.15784032511357335,3.0,78.34601127524459,0.7515216598441246,-0.0677765958713703,0.18077799904858693,8.317631066899274
7.2,-22.301960764117563,12.555601403801445,-2.919793964611664,18.0,0.16997433722578736,3.0,79.11798200027724,0.7533970411036144,-0.05857786922159036,0.15251600052579306,6.098974556183449
7.25,-23.162363963416382,12.291581831352058,-2.8690726008317196,18.0,0.1510057434962918,3.0,80.12489149333071,0.7456619117038253,-0.07471546457695988,0.15752400213386863,7.977327663983103
7.300000000000001,-24.00284512634631,11.96972562936123,-2.80676148798411,18.0,0.18480047750642173,3.0,81.10463275500058,0.7405955557634711,-0.08214901021070009,0.12355100261629559,7.758613227230144
7.3500000000000005,-24.818896033967068,11.590172054524508,-2.739523494509449,18.0,0.19904307341913852,3.0,82.0565720103689,0.7353512052409441,-0.0869677162537199,0.12185800005681813,7.535482897800364
7.4,-25.605721053160696,11.153243697501363,-2.6693740744899666,18.0,0.20742148223825788,3.0,82.98115236336221,0.7277401194465162,-0.09040190395517422,0.16585000048507936,7.316176802711787
7.45,-26.358194055133634,10.659498437977957,-2.5967708988679528,18.0,0.21445999853690412,3.0,83.87974239384857,0.7166841932537374,-0.09191284392321375,0.16022999989218079,7.108072917595287
7.5,-27.07114715177099,10.11022812019699,-2.5220483736523343,18.0,0.22052198775927798,3.0,84.96967641071554,0.7034282370456487,-0.10877936172642277,0.12494299880927429,8.637149476637417
7.550000000000001,-27.731043860109338,9.49823438303605,-2.436104378944374,18.0,0.25233625058150017,3.0,85.81819851295374,0.697443540297351,-0.09369665563773077,0.11950399857596494,6.706785991927273
7.6000000000000005,-28.346169535723963,8.841256146562687,-2.360584954462378,18.0,0.22279713356061376,3.0,86.85432836465571,0.6855350248526368,-0.10165419153306043,0.15561100008198991,8.207562101542731
7.65,-28.904677584826537,8.135516280119225,-2.2799780601374535,18.0,0.23726579127828354,3.0,87.66716890301095,0.6792863386044615,-0.08238081266742636,0.1296030022785999,6.422948046363503
7.7,-29.418339723396105,7.396495842377387,-2.2118893232029238,18.0,0.20149429994160978,3.0,88.66764870890132,0.667966863410913,-0.08275763111205148,0.1277190021937713,7.924853129378882
7.75,-29.87914779960617,6.623413753010688,-2.1425940080907218,18.0,0.20496657306334173,3.0,89.65532259853795,0.6648814614568666,-0.07196207647563746,0.1186419976875186,7.823446763369599
7.800000000000001,-30.294268243850233,5.824868189645257,-2.080818174329698,18.0,0.18324841114996146,3.0,90.63441358023515,0.6673584249175509,-0.05862952756493023,0.13877899982617237,7.756526348348912
7.8500000000000005,-30.67116781977513,5.007588121573342,-2.028763844142056,18.0,0.15491180498800294,3.0,91.413991992857,0.6728247855435563,-0.03857495712523207,0.11715900109265931,6.1629433213071545
7.9,-31.021873859419323,4.178730308823118,-1.9902607135907449,18.0,0.11499974053983922,3.0,92.3866051951408,0.6761224561757806,-0.03285008966378333,0.11583699961192906,7.708559389931433
7.95,-31.343953238082833,3.3383346437702057,-1.954571428635724,18.0,0.10666152100619349,3.0,93.35990188415262,0.6848549122957985,-0.023828534935644186,0.11620799705269746,7.715008879057895
8.0,-31.642603643501413,2.4893305593611155,-1.9241982672942841,18.0,0.09086855182087351,3.0,94.3364912598971,0.6973794184777663,-0.016480237899910932,0.12023399904137477,7.742275816944665
8.05,-31.92108467849237,1.6334986172425912,-1.8983083607916813,18.0,0.07751409932575215,3.0,95.1216076877565,0.7116917867548628,-0.008197929788531066,0.11748999895644374,6.211444430042224
8.1,-32.18486754234909,0.773022818201416,-1.8782671980747974,18.0,0.060051199400161535,3.0,96.10919007391762,0.723254051835806,-0.01143785828292998,0.11547599933692254,7.831081738954324
8.15,-32.426952177936975,-0.09380763189380326,-1.8548348984204996,18.0,0.070181446767531,3.0,96.904828683037,0.7366821773697168,-0.00926549688356948,0.11997399997198954,6.2954118725576285
8.200000000000001,-32.650427335477985,-0.965621175010691,-1.832754992947701,18.0,0.0661430906680756,3.0,97.9065807148248,0.7459209499054744,-0.01902503273601308,0.11662899851216935,7.943331679716402
8.25,-32.84377628750558,-1.8446070581452445,-1.8024416723572771,18.0,0.0906905049378395,3.0,98.91592504955634,0.7576827870855811,-0.02827474084531545,0.13511200086213648,8.002536565798154
8.3,-33.00139954959428,-2.7306967303841865,-1.7653364478229379,18.0,0.11085928446179559,3.0,99.72821050924222,0.7696882751596552,-0.029485526306041177,0.1161680011136923,6.4254210564156145
8.35,-33.12536556643993,-3.6221183066697415,-1.727722745445972,18.0,0.11236579359871003,3.0,100.74853181805557,0.7741955590448735,-0.04912564508361772,0.11519499821588397,8.087668634536024
8.4,-33.19636650152447,-4.519313306219517,-1.6756475972570954,18.0,0.15497277161131703,3.0,101.56805965491546,0.7800765640456128,-0.05082392995332885,0.11563600128283724,6.480240080811108
8.450000000000001,-33.21816074959934,-5.419049384606313,-1.621775411879946,18.0,0.1602310687509754,3.0,102.59608895755538,0.7761806901877433,-0.07434040215656834,0.11381299918866716,8.145833952626825
8.5,-33.16721034357591,-6.317606036201552,-1.5497498373091523,18.0,0.21280508318779906,3.0,103.62859843456233,0.7767196404374817,-0.09061674188299174,0.1144540001405403,8.178990843799204
8.55,-33.03720166132211,-7.208166389315606,-1.4667145591992259,18.0,0.2441369185397426,3.0,104.45905782915541,0.7778730245502404,-0.08530833385456127,0.12373100253171287,6.562482854742867
8.6,-32.83865755095832,-8.085993386075133,-1.3874424183168448,18.0,0.23347930675981426,3.0,105.505551506622,0.7656495290232045,-0.11039554116949679,0.11917300071218051,8.288583784190308
8.65,-32.54806151173309,-8.93778792819583,-1.2898053667967782,18.0,0.2849406452111217,3.0,106.56594171014014,0.7606452960731316,-0.12258579730214691,0.11596700278460048,8.397557782549946
8.700000000000001,-32.16834994836685,-9.753765335141617,-1.1859431626804873,18.0,0.30205252672110067,3.0,107.428208603707,0.7582080530341282,-0.10837695972756567,0.11811099830083549,6.813674321497428
8.75,-31.719333950347455,-10.533755484773422,-1.0937055480754498,18.0,0.2699579297837421,3.0,108.52876263196403,0.7460595457888753,-0.12764704873380994,0.11518499741214328,8.718807767129235
8.8,-31.18878775432472,-11.26074979966578,-0.9906675236164952,18.0,0.29979721418780486,3.0,109.4310613851114,0.7419058781729516,-0.11144184743644647,0.12574499851325527,7.133830837369888
8.85,-30.59996843105107,-11.941405222430898,-0.9014381173482349,18.0,0.26155588020846177,3.0,110.35546214402852,0.7311566237513231,-0.10550197112770299,0.12077599967597052,7.312113190382476
8.9,-29.957807895081633,-12.57198419927951,-0.817573616019081,18.0,0.24647786834684127,3.0,111.30358511078865,0.7186007394348551,-0.10038686440516953,0.1752380012476351,7.50282948287919
8.950000000000001,-29.268871692552572,-13.151092918644745,-0.738153396112037,18.0,0.2338997221079915,3.0,112.27604743563656,0.7072946096685067,-0.09449100231128682,0.16356600099243224,7.69849855801331
9.0,-28.540428931011938,-13.679648632982463,-0.6642163704305521,18.0,0.2182771146093958,3.0,113.27235835054354,0.6985819058761058,-0.08844056137781298,0.21762699907412753,7.890291901767149
9.05,-27.77952307082977,-14.1602963958405,-0.5967682786200221,18.0,0.1996486512838873,3.0,114.29090130536784,0.6926094671922284,-0.08303824136277971,0.18979499873239547,8.069120746760508
9.1,-26.992409839542443,-14.596705333801696,-0.5362557040506197,18.0,0.17958200294743845,3.0,115.06782199862374,0.6861891328779666,-0.06518653600692526,0.15816599989193492,6.138393361058802
9.15,-26.18779913414419,-14.999944236635393,-0.48838680783356025,18.0,0.14263153227678121,3.0,116.11824779733641,0.6749421822454309,-0.0690442322584337,0.13659600153914653,8.3268999140075
9.200000000000001,-25.36426798498058,-15.362982039566798,-0.4395100533524241,18.0,0.14559274374502967,3.0,116.91465989493423,0.6671225188843088,-0.05512136836061776,0.12978199811186641,6.2962015638827795
9.25,-24.528529643952982,-15.696960220495496,-0.3999096648043521,18.0,0.11824694273979719,3.0,117.9841867744701,0.6572911186432057,-0.057042139616848786,0.16720300118322484,8.48157297228406
9.3,-23.68019420724025,-15.997504704419953,-0.3602422834632337,18.0,0.11844511937560191,3.0,118.78926633915756,0.6510238231829946,-0.04471699412720387,0.13509299969882704,6.3672856774676205
9.35,-22.823943677595025,-16.27469602910793,-0.32877742073682636,18.0,0.09411571500968272,3.0,119.8623794945363,0.6439346947488527,-0.04463716649609628,0.13470200065057725,8.51211986513259
9.4,-21.959837059136845,-16.526330192004714,-0.2984854608844869,18.0,0.09062694797424639,3.0,120.66409319239851,0.6393083910165481,-0.03405437809637135,0.14079299944569357,6.342098522218407
9.450000000000001,-21.09091045079503,-16.760779652050125,-0.2751786157311229,18.0,0.0698069241347791,3.0,121.46076099734915,0.6338019596204681,-0.02713533046074401,0.22846699721412733,6.302894748480178
9.5,-20.21811282400812,-16.980379976902203,-0.2560467984205328,18.0,0.05733255145280022,3.0,122.51174502879063,0.6287234960083259,-0.024606939241010206,0.15570100003969856,8.337977671618544
9.55,-19.341854712311292,-17.185737522869005,-0.23881367902290407,18.0,0.05165337083117926,3.0,123.28930898796224,0.6266282636417284,-0.015826863954383263,0.13390100139076822,6.151629636924445
9.600000000000001,-18.463843330507622,-17.383464641452193,-0.22727251677536264,18.0,0.03460966130369417,3.0,124.30914209446607,0.6253412540194275,-0.010147391889673951,0.12647599942283705,8.090704507075362
9.65,-17.584756122283267,-17.576352381695862,-0.2197540564759355,18.0,0.022551557084777164,3.0,125.30746017243038,0.6259656261792995,-0.0022874853438894505,0.1333190011791885,7.91960518777663
9.700000000000001,-16.70575088888368,-17.76961334427274,-0.21753126449966498,18.0,0.006668277090030444,3.0,126.04126956208346,0.6279789988169094,0.004201607507071881,0.12816000162274577,5.8036418009439235
9.75,-15.827588944932595,-17.966670696827904,-0.2196710345951578,18.0,-0.006419222113986247,3.0,126.99965318516927,0.6321728708742198,0.012852494348734922,0.12669699935941026,7.59933362210057
9.8,-14.951552744506166,-18.17297284306596,-0.22741136214425017,18.0,-0.023216810303815432,3.0,127.93612988753563,0.6376276967280843,0.02119647480000797,0.1230000016221311,7.422853358277547
9.850000000000001,-14.07873799714488,-18.392505111283313,-0.24007917132556456,18.0,-0.0379851477653018,3.0,128.85295809936403,0.644573624797432,0.02897751297536022,0.12666700058616698,7.264522504126404
9.9,-13.210213951691205,-18.62844150624768,-0.2568639714904122,18.0,-0.0503119061614103,3.0,129.75352849211836,0.6533737372919896,0.035686832946512315,0.12231899745529518,7.133454483243858
9.950000000000001,-12.346952565757668,-18.88296022767325,-0.27676759472957446,18.0,-0.05964005700204941,3.0,130.6421295082729,0.6642417995744576,0.040654124620274956,0.17464700067648664,7.0369074976383805
10.0,-11.489686352832868,-19.156994240484746,-0.2985267922851764,18.0,-0.06518510949193342,3.0,131.52362810112893,0.6770879198191959,0.04324453882822077,0.13472200225805864,6.979589707577526
10.05,-10.638723488819979,-19.450016772162744,-0.3206007995199216,18.0,-0.06612547323328634,3.0,132.4030978568582,0.6915070991083521,0.043051506913040605,0.12672699813265353,6.963215314687146
10.100000000000001,-9.793774503289015,-19.75995420431671,-0.3412554732503845,18.0,-0.06188489894301255,3.0,133.28543998070276,0.7068895631145408,0.04000996976121218,0.12795899965567514,6.986429400170288
10.15,-8.953854887232694,-20.083272992146618,-0.358726970839494,18.0,-0.052366572653183584,3.0,134.17504497728424,0.7225955793600416,0.034395381232882105,0.14070299948798493,7.045127147281907
10.200000000000001,-8.117310143722678,-20.415226139602343,-0.37141539468198825,18.0,-0.03804690241382126,3.0,135.07553253986424,0.7381215248891956,0.026722053145018076,0.12533499830169603,7.133086142028304
10.25,-7.281969397427742,-20.750197537753618,-0.3780506173374052,18.0,-0.019903039479578485,3.0,135.75969311525034,0.7530423370987664,0.018941241735469294,0.12425199747667648,5.403461994754687
10.3,-6.446586348083843,-21.085063422652166,-0.38017794074107325,18.0,-0.0063818835682097515,3.0,136.68508638077495,0.7641261703099504,0.008471590505411353,0.12434300151653588,7.3345300657718315
10.350000000000001,-5.60753164411583,-21.410620182295013,-0.3734741545610878,18.0,0.02010864773922589,3.0,137.62634835692532,0.7746953299244951,-0.0010061543455437416,0.12085599882993847,7.461846067514391
10.4,-4.762502623873758,-21.720339337254348,-0.3586986884259078,18.0,0.04429740130933203,3.0,138.58348935188525,0.7852992334124909,-0.01010098008920668,0.1267769985133782,7.587378921310195
10.450000000000001,-3.909746273205285,-22.00810070782828,-0.33652448502484056,18.0,0.06642474336004074,3.0,139.55569669606868,0.796299110568697,-0.0191927047884497,0.1250140012416523,7.706447997015716
10.5,-3.0481403332947954,-22.268168399614403,-0.3075864087441489,18.0,0.08659711190968462,3.0,140.54147006383982,0.8079112792637333,-0.028545747615828176,0.12149699978181161,7.813521312376747
10.55,-2.177239420103424,-22.495174125098224,-0.2724848284102581,18.0,0.1049180659538163,3.0,141.28849169713354,0.8185276906607583,-0.02653173423837485,0.11595700198085979,5.90323625470018
10.600000000000001,-1.2994207121421704,-22.69375487933497,-0.23911779512384568,18.0,0.099768750359391,3.0,142.29285813044226,0.8204398447308836,-0.04278313450670712,0.1148449991887901,7.960453379564576
10.65,-0.41244791044531126,-22.846330267422385,-0.19320081626871533,18.0,0.13688943447440713,3.0,143.30433702283182,0.8258794222137165,-0.052411999012701216,0.11412400272092782,8.015593356303599
10.700000000000001,0.4816826328886058,-22.948948840192593,-0.14047015303949761,18.0,0.15689188606442286,3.0,144.32017555740015,0.8339736198614713,-0.060776024930866424,0.1321970012213569,8.049153100133664
10.75,1.3803278456156747,-22.99831260871487,-0.08326773469824822,18.0,0.1699518511996303,3.0,145.0832576133982,0.8406445341619867,-0.05281425085910296,0.11818100028904155,6.027569540532802
10.8,2.280309786730115,-23.004013982924953,-0.03187775332127574,18.0,0.15296561679764348,3.0,146.10017985257528,0.8360565324754886,-0.07134090825158568,0.14391899821930565,8.056823944930867
10.850000000000001,3.178380821783027,-22.945120723556908,0.0332357852399805,18.0,0.19291139468058324,3.0,147.1142653465701,0.835503587022357,-0.08065881204664782,0.12002400035271421,8.032404806990117
10.9,4.0696292731172825,-22.81991609906447,0.10439293596732391,18.0,0.21031468947195223,3.0,148.1233504006431,0.8369591644974502,-0.08801956824436896,0.11786100003519095,7.9913025903250166
10.950000000000001,4.948795954312617,-22.62739091454052,0.17882657806966895,18.0,0.2196966522912191,3.0,149.12563222573957,0.8381992499861771,-0.09569612770786096,0.13898999895900488,7.935909062455325
11.0,5.810226775162478,-22.366743756700778,0.2558266872658135,18.0,0.22701824908987586,3.0,149.8720162660943,0.8346674863218031,-0.08228884617035082,0.13241800115793012,5.889956398375875
11.05,6.6532431619882155,-22.05158765007538,0.3240160628563937,18.0,0.20178410596367005,3.0,150.85923618952725,0.8154343452026724,-0.10102664146335272,0.11783999798353761,7.81546669774593
11.100000000000001,7.464587382805478,-21.66207442135724,0.4068193157877462,18.0,0.24348140640455482,3.0,151.8366856417778,0.7988541146125778,-0.10687057152867885,0.11723900024662726,7.736050391577229
11.15,8.237867715637394,-21.201599094270804,0.49416215314735057,18.0,0.2562671855816737,3.0,152.80388699731543,0.7826101647311283,-0.10899809599895782,0.11967399768764153,7.6537595893422745
11.200000000000001,8.967538467057903,-20.674739915247198,0.5821409940383733,18.0,0.258051773989325,3.0,153.76052576633208,0.7644487202734846,-0.11031271709603718,0.1181010011350736,7.569273357741069
11.25,9.648782304179786,-20.08660146693468,0.66932719099011,18.0,0.25582740509924184,3.0,154.9410033162248,0.7451545389603714,-0.13284826725167553,0.18683999951463193,9.35796747892496
11.3,10.268210946764324,-19.433678686855846,0.7649003001216803,18.0,0.2792286015977681,3.0,155.87253981569498,0.7319839641790764,-0.12216689591715557,0.16522900114068761,7.367170894496009
11.350000000000001,10.83639098452606,-18.73570200766873,0.8470817026392958,18.0,0.24172351722712887,3.0,156.79174707800613,0.7085972671009136,-0.12108784045724175,0.1784229971235618,7.2696288714279005
11.4,11.350179860384406,-17.99676967582486,0.9248594459794255,18.0,0.2292318352984361,3.0,157.6972711652713,0.678289387320224,-0.11951219641878463,0.1891430001705885,7.160873947900374
11.450000000000001,11.807363273245421,-17.221538531581576,1.000580568552068,18.0,0.22337261042296355,3.0,158.58717443177542,0.6448609095741134,-0.11400580861032283,0.3972430022258777,7.036909489867731
11.5,12.207390090994695,-16.4153260626372,1.0739604427724831,18.0,0.21668347797279508,3.0,159.6736323111526,0.6128543059649696,-0.11832510155874454,0.3254889998061117,8.609368312242449
11.55,12.544071433800369,-15.580673036879448,1.1498997795917791,18.0,0.22399504110398552,3.0,160.5181469169134,0.5906717890087575,-0.09511562648751948,0.16670100012561306,6.676218664725423
11.600000000000001,12.833557040142324,-14.728500470012367,1.2123644569821188,18.0,0.18524557910954725,3.0,161.53687673422965,0.5707946562324632,-0.08470720625168582,0.1545589984743856,8.071954959760365
11.65,13.078426556912579,-13.862452596187426,1.267745202142283,18.0,0.16463837669113687,3.0,162.31749380211053,0.5581871737760142,-0.0580458419119374,0.13131599916960113,6.170257319584284
11.700000000000001,13.298240898828482,-12.989708845085145,1.3053297084791344,18.0,0.11227930588186376,3.0,163.2440259312633,0.5479782890915166,-0.037086597021897205,0.14262699914979748,7.340823004511462
11.75,13.508629722108239,-12.114645108527082,1.325014138076999,18.0,0.05898478673598407,3.0,164.2757875344171,0.5427104602785665,-0.002720234894074469,0.12396199963404797,8.187214001403461
11.8,13.741152761218974,-11.245201012404332,1.3146527134489805,18.0,-0.031074268143235443,3.0,165.0656174057542,0.5395655074038156,0.0348515625943131,0.12224899910506792,6.249136674000504
11.850000000000001,14.019927582379038,-10.389464721782522,1.2754166604829393,18.0,-0.11716901008338486,3.0,165.93416417571817,0.5527613025910726,0.10397116185695365,0.12277999849175103,6.870106050298373
11.9,14.39238296147331,-9.5701497697746,1.18738511132619,18.0,-0.2581995950342839,3.0,166.73615984487608,0.5829850756913206,0.17915947933840703,0.12998300007893704,6.327055562671905
11.950000000000001,14.890757400950738,-8.82073471916809,1.0498495313112368,18.0,-0.3913267943203037,3.0,167.5106654822672,0.6319855428863369,0.23669870768673995,0.13067400141153485,6.09822883704498
12.0,15.521007991122623,-8.178251883920337,0.8761797899973853,18.0,-0.48031337810394015,3.0,168.30962883553775,0.6845379599594569,0.24802331005267142,0.11917300071218051,6.290452847997468
12.05,16.255164394089526,-7.657661472961106,0.6992800147391649,18.0,-0.48790438589607477,3.0,169.03071248071905,0.7242995550807274,0.19360966944467117,0.11891200119862333,5.672307111237165
12.100000000000001,17.04815815027918,-7.232031466213197,0.5595003546388497,18.0,-0.3970659584842895,3.0,169.99435886043702,0.7532626036770504,0.15510282678149778,0.12015500033157878,7.618186809859165
12.15,17.87759034085664,-6.88268601936456,0.45132268742713366,18.0,-0.31380945706920277,3.0,170.70588645375273,0.7643877802553742,0.08954678124494997,0.1215070005855523,5.609346001457229
12.200000000000001,18.721163543486984,-6.569023379249449,0.3875711508304458,18.0,-0.18897256382389654,3.0,171.67619331841746,0.7727272945968928,0.0564101789600997,0.12319999950705096,7.685307175199425
12.25,19.57181691382129,-6.27510358825387,0.350940458241618,18.0,-0.10945289353711132,3.0,172.51531791691437,0.7783353881156815,0.029608273222242687,0.1255450006283354,6.640063548901147
12.3,20.42399859577149,-5.985644815803405,0.33527113490650917,18.0,-0.046973390565501906,3.0,173.40621467652574,0.7842344437071156,0.013224609576482305,0.1192030031234026,7.057069803684894
12.350000000000001,21.274613495064823,-5.691613706734664,0.3336311563727752,18.0,-0.0049198959048410065,3.0,174.3433320855344,0.791072553940803,0.0020663875198869697,0.12083600086043589,7.428723509859818
12.4,22.121224968483208,-5.38624669300143,0.34199024101336395,18.0,0.025071999137972166,3.0,175.31993190967813,0.7994700474581413,-0.006607954293520013,0.12062500172760338,7.743641657263171
12.450000000000001,22.96172207073808,-5.0644321173508455,0.3577773223207501,18.0,0.04732587970142261,3.0,176.0737813264701,0.808973506444177,-0.007959104505278258,0.12399199840729125,5.960963171226837
12.5,23.79646772460895,-4.727980496246565,0.3746897541222034,18.0,0.05069382530797098,3.0,177.1010830834437,0.8144479364626966,-0.01917459894925555,0.14881800234434195,8.147338240023087
12.55,24.620621545309135,-4.366358483883817,0.40056562874313073,18.0,0.07747225596757024,3.0,178.14632595792997,0.8236113318575352,-0.027032594796249754,0.1259059972653631,8.289454177972551
12.600000000000001,25.432099003502152,-3.977122906315942,0.4317084399515836,18.0,0.09315800691158199,3.0,178.93725310318968,0.8336724078492719,-0.024681213600501017,0.12322000111453235,6.254749156500833
12.65,26.23246703445953,-3.565527212677864,0.46058008902369085,18.0,0.08639931758313796,3.0,179.99507967575732,0.8390119724387043,-0.03869842727554973,0.33980499938479625,8.388624631737587
12.700000000000001,27.01446431829796,-3.1200159916414956,0.4988012779641404,18.0,0.11416497217600523,3.0,180.78705976761816,0.8458293697580166,-0.03595512009781077,0.2760659990599379,6.261503629735806
12.75,27.780292034658352,-2.6472497609796286,0.5350111129511936,18.0,0.10820521557012545,3.0,181.8361534474487,0.8472007926002689,-0.05140229544767694,0.2687820015125908,8.316973096862215
12.8,28.52033752953269,-2.1350655504496685,0.5820167572458175,18.0,0.14009318605685345,3.0,182.61487159219894,0.850699789470328,-0.046364946250468275,0.22143399837659672,6.153799801760945
12.850000000000001,29.237798059160497,-1.5916960735500316,0.6261962199973747,18.0,0.1317703915314355,3.0,183.6388533438474,0.8465965123922444,-0.06235888000971901,0.13061400022706948,8.11451675223207
12.9,29.919923480647178,-1.0045803188971543,0.6826544818617073,18.0,0.16778244121594907,3.0,184.6435470727725,0.8466615174720064,-0.07072041069119184,0.13194700295571238,7.958655526332679
12.950000000000001,30.5623322218017,-0.37425420545407084,0.7450023253390614,18.0,0.18490694673367336,3.0,185.6269661173431,0.8480970941478827,-0.07752330123961304,0.14288699821918271,7.787420916564765
13.0,31.16022963254151,0.2984408861220711,0.8113509725563715,18.0,0.19647802796898536,3.0,186.58840783968978,0.8483255822773955,-0.08415898185271908,0.13687599857803434,7.610705064205993
13.05,31.708168766391083,1.0124175703325426,0.8815227232225036,18.0,0.20748563217131247,3.0,0.7030067372177065,0.8456157470080785,-0.09009377010170949,0.1291110020247288,127.43812462097135
